00dd420b-02ee-4ead-aa01-c939f189542f,ark:/87287/d73w2r
04226d20-d805-43f7-be80-b2e241b0286a,ark:/87287/d7dw2j
04dd3dfd-a6ca-43fb-a24d-e152d85ab0cf,ark:/87287/d71s3g
051ef41d-faed-4acd-9393-8e22f99644c2,ark:/87287/d7zw2h
069527fb-e3bb-454b-b20a-7645712e7c41,ark:/87287/d70k5v
072ebbf5-bd48-4f83-ad3e-35295a1cd950,ark:/87287/d7sp4n
08d89f23-8663-4199-9e96-c1011e2b45b6,ark:/87287/d76k5q
09d97dfc-3cd7-451b-af68-83d8260719ea,ark:/87287/d7530p
0a48a692-951f-4c13-9f29-4436c1e6e21e,ark:/87287/d7g887
0b2720ab-558a-4a09-bb44-a1938da926c9,ark:/87287/d7xw26
0b3a901f-6922-4575-b9b8-261c1a3cd241,ark:/87287/d79g60
0b57ae83-c691-4d93-bd47-c18ec78949a1,ark:/87287/d7rw2n
0c26d4c0-b398-43ea-abc3-0eef7aa0e918,ark:/87287/d75p42
0e19adb8-e39c-4d9c-b09c-3a154c501847,ark:/87287/d78k5b
0effd55a-8da9-44ce-93c7-d56cb77103cd,ark:/87287/d7t59p
10d6084a-4b0d-4477-a865-14d1eb6c8870,ark:/87287/d7vp48
10f01a27-d3bb-4ea7-8836-89905e1be6c6,ark:/87287/d7f88x
111721f3-4dac-48a8-9a6e-849b947cac10,ark:/87287/d7gk56
129a753e-d6fe-4b3f-a558-dac9e2bf6153,ark:/87287/d7q30n
12a1707b-9aaa-420b-93f0-ddd2fd73e8f1,ark:/87287/d78g6p
1340fba5-db0a-40b3-9e68-3298c4ec2430,ark:/87287/d7h88j
16186136-8644-433c-8180-5cd8bd68f5d0,ark:/87287/d7t01x
1645154d-69bb-4257-bda3-7550dc857ecf,ark:/87287/d7588f
16fe0f70-6d34-45ca-8008-4e56bf7c5e86,ark:/87287/d79591
17e4dcbe-41db-4c71-b017-523d62717a26,ark:/87287/d7qs3p
184aaf0d-cbe1-4906-90fd-40e22b2292eb,ark:/87287/d7f305
191ea05d-82a3-4166-9145-8e84aee82d71,ark:/87287/d7830m
1a0255c4-5bb5-4ac7-a655-1b3499a68b6c,ark:/87287/d7ts3m
1ce81065-0138-41b9-af44-0925c97d6103,ark:/87287/d7sk50
1df02467-5426-4106-a6e7-b3e4aef6715f,ark:/87287/d7r30z
2112ea7e-041b-4f73-a075-f4e66932b317,ark:/87287/d7ks3f
2298b69d-2529-4627-974e-600f3df82af8,ark:/87287/d7cg6m
22aed99b-8c59-44f4-a346-f0197cfcddc6,ark:/87287/d7988p
23b97915-2fe6-4806-8f04-5532ee30776e,ark:/87287/d7ds3w
248dbf43-a25f-422a-94ef-bc92ecb56b07,ark:/87287/d7fs36
25240478-8a16-4e9a-a6db-b40dfd5c58be,ark:/87287/d75c73
26e4482e-d06a-4617-9b51-94efdd7636f9,ark:/87287/d7w306
2812d5e1-2a94-41e3-80fb-6629ecadee20,ark:/87287/d7p883
2c82b3b1-80c8-411a-90fe-da68a850ca7d,ark:/87287/d7qp41
2d962884-e98d-4e12-811f-04c07fa8f929,ark:/87287/d7c889
2f1175f8-dc2f-42f4-901e-586a27a51925,ark:/87287/d7088w
2f316549-b04a-4aa5-b257-22b89b40a8d0,ark:/87287/d7gw25
313fc457-eb6b-4b32-b9b9-bbe8eb2d4c15,ark:/87287/d78c71
32028f75-57af-414b-82aa-f4949132eab1,ark:/87287/d7z59x
3469572e-ca79-4f2a-8490-608b1379b798,ark:/87287/d7j596
368c3a80-1b69-4a3a-8dc7-83f25d6204df,ark:/87287/d7k01r
372950cd-cf2b-4737-8274-9ed8c1341065,ark:/87287/d7pc7r
3d1f7a56-7e91-48ed-9b18-b4bd327e96cc,ark:/87287/d7z88k
3da9c9ff-bc28-4cc7-b406-a51202ce615e,ark:/87287/d71c7v
402f0c27-9172-45f9-85bf-40db27289a86,ark:/87287/d7np4d
404f9b1a-6ed6-40ed-a85d-934363533a3f,ark:/87287/d7x59m
406c9753-f28d-4c7d-a654-25b1c082fff7,ark:/87287/d7301d
43255d9f-c4ba-40bd-809d-db1b68a2146f,ark:/87287/d77g6c
4392186a-4f6d-4980-a6c2-dd17b4536638,ark:/87287/d7z30t
44545a0b-9eac-4445-ac5e-f73c5c987910,ark:/87287/d7259v
4687bb6f-fa31-4c9c-be60-e712c82f8b3d,ark:/87287/d7cp4x
474069fd-eb31-468c-ae06-7e1ba2d55e8b,ark:/87287/d7xg6k
49ac8ae9-1609-4925-8dcb-c6e130cd75fb,ark:/87287/d7kw23
49e89674-af44-415b-a6fd-f70d97a880c6,ark:/87287/d7jc7h
4a53f98e-c588-4de3-9df7-712fcc4d9e2d,ark:/87287/d7jg65
4d618c42-4767-48b5-ac58-bfb8d4a70d8d,ark:/87287/d7h59w
4f02775b-c7dd-4a49-bf2f-4b2c340f2210,ark:/87287/d7f598
51196122-a5b1-44d9-b416-7658a41e1905,ark:/87287/d75k5d
513a103b-397e-4ea2-af26-7d1ebfa827d6,ark:/87287/d7gp4v
5290168e-fa96-4e23-929a-ede19fb5b54d,ark:/87287/d7101s
538a530d-c42e-44f4-b10f-35300a0e61ff,ark:/87287/d7h014
53db3e46-9d49-4037-8046-29b626865198,ark:/87287/d7mk5f
5485ef05-a417-4d92-88e4-c2735379625b,ark:/87287/d7tp4z
56a7c575-8277-4a76-a423-55652df016c2,ark:/87287/d7wg68
56e1da63-09c9-46b2-bf6d-718dce8e0e3d,ark:/87287/d71p4t
592cec2e-0fcf-43f3-bebf-e1446c19e791,ark:/87287/d7cc7z
59596559-bb0c-4e9d-8b18-8e1142a4547d,ark:/87287/d7n88s
5ab9e056-b2db-4af8-80ba-3a3ec982a633,ark:/87287/d74s3d
5ceb2b09-bee6-4312-8286-6742958e3475,ark:/87287/d7pw21
5e1ccd4d-5497-44ae-a2d5-6503e1e0838f,ark:/87287/d7g01t
6013f238-d01e-493b-b904-8ff38caa4598,ark:/87287/d7fw2v
61593f99-fc2f-42cc-8748-5c79ca7a44ae,ark:/87287/d7388t
61f58316-370c-4171-a493-6650ab40b366,ark:/87287/d7pp4q
6313c5ca-fff4-4565-9ea7-e7f85f07a1e4,ark:/87287/d7rc7c
6382aaab-368c-42b7-a977-733e24e558b0,ark:/87287/d7c01w
665db252-f7f4-4d28-9528-87ed063fba59,ark:/87287/d77p4p
667d4949-b167-438e-b1b4-7e5a3e525bcc,ark:/87287/d7nc7f
6a05ddd4-06d9-49f1-8acc-936eb7c01da9,ark:/87287/d7k885
6d60693c-0ba8-4670-98b9-faf0366dd550,ark:/87287/d71g6h
6e46c3fb-0c1e-4f04-a080-39cb8e5ac383,ark:/87287/d76w2p
6e51f14c-364d-4be3-ab7c-7f3ab5fbd736,ark:/87287/d76300
70dd3c0e-50e1-4d51-a36c-86bf44c9c07e,ark:/87287/d7s01m
71399a49-f706-4e70-b12f-6774330e6fa6,ark:/87287/d7dk5k
7459ffdb-d052-4485-b7fd-87c9acdb3f72,ark:/87287/d7gc7w
7560e7b2-b703-45fb-a0a3-e79c708404bb,ark:/87287/d7001g
76cb48fc-0fb3-46a9-8492-21b9e36d3c8c,ark:/87287/d72p44
7724f481-b963-43f6-b115-20ad75313f24,ark:/87287/d72g6t
78852c5d-7fa7-4e30-bbda-c4f16d2232cf,ark:/87287/d7m88g
7c12748e-f667-49f4-8a1a-db7daaae5b64,ark:/87287/d7p30b
7e11ce97-2e87-462f-aac3-8f14c66cdeb2,ark:/87287/d7bp4m
7e87c9ad-f19c-4990-a84d-bcff6a389587,ark:/87287/d7qc72
7eac7823-6c46-4ed3-bf94-643cc30cece9,ark:/87287/d72013
7f2a03ce-ff8c-4453-8935-1e952a7baf9d,ark:/87287/d70w2t
814bd1f2-a16a-4021-9769-e862756eafc7,ark:/87287/d7v017
817dd73b-9b3a-4e80-b44f-08eacb8363be,ark:/87287/d77s3b
82aa62f4-e1b5-4be7-a1f6-660773ae6e7f,ark:/87287/d7s59c
8353dea8-f32e-48fc-b3a5-3ba5b6e54586,ark:/87287/d7q59r
87104d5b-215d-4a4d-ad5e-f7c59d515fdb,ark:/87287/d79k5n
88d5eb61-607d-4b44-bfbb-e127d266d489,ark:/87287/d7pk52
88f27d2b-60bf-4ff9-8b9b-0893c719eaf0,ark:/87287/d7kk54
8a551bcb-e9d3-46e3-89c1-872118eb447b,ark:/87287/d77w20
8ab7f0a3-f4a2-45de-a842-164f6a2d6c6b,ark:/87287/d74g6f
8b18927d-e383-4fa1-971e-7c17ef1b1453,ark:/87287/d7k30d
8d034005-287b-4bf0-8443-675c56f12745,ark:/87287/d7b59b
8d39e801-5127-4cee-b8b5-7729a7f25e23,ark:/87287/d7r592
8e3a3eb4-0606-42f2-8257-4d952a187c0b,ark:/87287/d7vc79
8f269235-51c8-40f4-9a53-b1fd549e414c,ark:/87287/d7x888
90544a9e-0f6f-4459-a73e-7b2de814749a,ark:/87287/d7s881
90a107f4-300e-42d2-a80a-d88ebb38bf41,ark:/87287/d7d59z
90f03501-7dc0-4b8c-8ebd-67054668e6ab,ark:/87287/d7kg6g
91a93903-ac6b-4757-9d6a-c2711d2d501e,ark:/87287/d7ps3c
94bf580a-b23f-4913-9baf-b9f9b66daade,ark:/87287/d7cs3k
96e9da45-b7ee-453d-998e-96f223f9e34e,ark:/87287/d70p4h
97bc36bb-15dc-4d1b-a389-52ca60afc280,ark:/87287/d7459g
97ff2ce4-a6ba-4618-a9ae-4cb38795be8c,ark:/87287/d73k5s
980993d9-b5e9-4e24-8244-d1e852b61469,ark:/87287/d7230r
985562f5-cfbb-4a9d-bcb4-d73706f4dc92,ark:/87287/d7d30v
9b56637d-9374-4e00-b6a0-9561661864b3,ark:/87287/d7302s
9f236016-e39b-4802-8d5f-fe95fbfac416,ark:/87287/d7759d
a0ad4def-eea2-4d04-a35a-54cab78cbd31,ark:/87287/d7g59k
a1f5cc05-fcbb-42f8-b255-3c05163d318a,ark:/87287/d7tg71
a3c3c8d3-b651-4449-99da-46b3f0df63e0,ark:/87287/d7v88n
a60bb267-fe06-4fae-81db-4da9518b95ab,ark:/87287/d7b01k
a77a2017-6514-4673-815e-128086b9497e,ark:/87287/d7n301
a7d2dcae-730b-4b7d-b8cf-b56f8223d85d,ark:/87287/d7xk57
a9583325-99f1-497f-8d3a-ce1273960177,ark:/87287/d7v30w
ab54366c-f65c-4268-96e6-5e6d9b9e7e90,ark:/87287/d7hc76
ab9a6834-8e0e-43c8-b21c-de87761c357b,ark:/87287/d7d88m
affdd39b-2e6b-4f1a-b605-6dcdd522842d,ark:/87287/d79w2m
b230cb26-4f3a-42a6-bfa4-1fd11d8bdf20,ark:/87287/d7m012
b2408313-b588-413d-9fef-af19268eb53b,ark:/87287/d73s33
b2f28e35-bd7c-4ccd-a8b9-9e160f21e10b,ark:/87287/d78w29
b3e2820d-e234-4b47-8b53-8053decafc39,ark:/87287/d7wk5x
b3eeb224-7cfe-497d-b876-11a8967d5930,ark:/87287/d7sg6b
b40c8d8d-79c8-498b-a35a-1716833e624f,ark:/87287/d7sw2z
b5e08f8d-8071-4d60-9948-16203ddc6acb,ark:/87287/d7zp46
b60820b1-bd2f-4c80-a3cb-6bdbba7f3534,ark:/87287/d75011
b64bda6a-04e5-4fef-9343-9c43ab843bca,ark:/87287/d7hs3t
b69ec2c1-4e5a-4635-b701-2259cba8c052,ark:/87287/d72s3s
b99d0d27-eae2-463e-ad56-1e571a7239f1,ark:/87287/d7bs38
ba2b0aa9-7c0f-40dc-b7ce-c9374473f299,ark:/87287/d7zc77
bb707dae-2fd1-4cb5-be98-f00c5dd58163,ark:/87287/d76p4c
bcbd4c72-7a33-4b03-acdb-ae5c61a3f9d0,ark:/87287/d7601b
bd337e2a-1ea4-4623-ad68-b7ee514d6430,ark:/87287/d74884
bfc28558-ee9d-4104-aece-6fc4456b1611,ark:/87287/d7fg67
c0760c7d-7272-400c-b387-ce554350a765,ark:/87287/d7401q
c1307815-fcd3-4f1b-92b8-f1c31eda50dc,ark:/87287/d77c7q
c130c26a-c60d-4ad8-a780-4d766f04c4a6,ark:/87287/d7mw2d
c2b6ba55-a231-4d62-a1e5-46e1020da41b,ark:/87287/d75s3q
c60d3c84-8849-49cc-9df0-9f9c564728d6,ark:/87287/d7zk5j
c7354cbc-4d7c-41e4-aac0-cd1178f760f1,ark:/87287/d7bg69
c8084402-27cd-41d0-bd4a-736fcf8c71db,ark:/87287/d7tg6n
cb62bb9b-4d7d-42aa-a311-fed2b7ac654a,ark:/87287/d76c7d
cc8e60e2-13e6-4614-84ae-16c4f8aa6e7a,ark:/87287/d7mg6s
cd984c47-8992-40b0-86b8-c0641393d61b,ark:/87287/d7js34
cdaa08e2-9368-4c22-8e84-920a3e00a8a9,ark:/87287/d7fk5w
ce08e3be-f647-44b3-afbb-7051588e0990,ark:/87287/d76s31
cf28c063-1a85-43e7-a03c-0e87b205cee9,ark:/87287/d7p01p
d1839f7a-f50f-4908-b5e6-e1ec9ee34f28,ark:/87287/d7ww2w
d1c7db52-12c3-40b2-9582-869c0cd29b7f,ark:/87287/d7jp4g
d1e82ef4-99ae-405c-b6ca-1b19d3b82218,ark:/87287/d7xs3j
d2498579-02ff-463d-98b4-025f5e46b34f,ark:/87287/d7m59t
d30d4839-d8bd-4eed-b59d-1d2a5d0c2ab4,ark:/87287/d79018
d318bd2f-f725-4f07-99a0-7a46582e69fe,ark:/87287/d72c75
d35d64f6-921f-4a5d-97e6-7be24814c10a,ark:/87287/d7ms3r
d3e5204d-7e63-4d32-8911-ccb2ad36d3e2,ark:/87287/d7nk5r
d4b38ca8-bf7a-41e5-aefd-90ca43ee6c6e,ark:/87287/d78p40
d70ea34b-307a-4cbd-b357-05c791fdb18f,ark:/87287/d7t88b
d8ce3075-9cce-43c2-86b6-62e4548187d8,ark:/87287/d7j01f
da9d2bab-8006-4cac-95ef-86a643430ca9,ark:/87287/d7qw2b
dbbce478-97b5-4163-99dd-cf9c48e0c5a1,ark:/87287/d79p49
dbea28ce-c20b-43ca-aabc-3ebd9c770486,ark:/87287/d74k53
dc3a49b3-5a34-4e0f-959e-39c6483898ef,ark:/87287/d7b880
dce5658d-a4a0-4d0a-b4a8-14f71a2a5336,ark:/87287/d7dg6x
deecb877-b3a9-4d50-8806-b18471f63182,ark:/87287/d7k59h
df4b4743-e146-4399-97b4-757905fc7ea3,ark:/87287/d7n01c
df9ead2f-c9eb-4c00-905a-387df8862168,ark:/87287/d7d016
dfbc2c05-96b8-4461-b27a-a9694c3f2e79,ark:/87287/d7j303
e28a4408-bd21-483b-85fe-8c8475c6ad9e,ark:/87287/d73g64
e5081458-27a1-4b59-b96b-79df57e54c1d,ark:/87287/d7qg6q
e75d7638-f3bb-4445-ab91-0159dfea0432,ark:/87287/d7c30j
e7bde0bd-0b54-4045-bffc-173d86139bdd,ark:/87287/d7w88z
e849a847-7d70-460d-863c-73645afe57b2,ark:/87287/d7vs3x
e934efd4-b352-4d6e-b2d3-7665d80ebfac,ark:/87287/d70c7j
eb599130-64b4-42bb-91e2-64f10a3d4806,ark:/87287/d7859q
ee3c56e0-8d66-486f-a96f-3c183de02479,ark:/87287/d74s4s
efb235fa-4e8b-451a-a5b5-a9e529891486,ark:/87287/d7vg6z
f1672d13-807a-417e-80e1-447e560f3a90,ark:/87287/d7x30h
f2acfa55-ca82-42f1-9b32-41abafd0abae,ark:/87287/d7w01j
f5527999-7c60-471f-8cdc-c7fc33b204ba,ark:/87287/d7bc7n
f56c7d5e-f990-48f5-b3fb-dc9c06f847b6,ark:/87287/d7rp5q
f5d8cf59-d950-4161-88b8-f69db35009d9,ark:/87287/d7rg61
f6898e73-b8a0-4ae4-b325-5545a60fe2d7,ark:/87287/d7688r
f79675fa-10aa-4cf5-901d-3f59f77daced,ark:/87287/d77309
f7dcac0a-36c0-4dac-9b1c-b191f24e7601,ark:/87287/d7ns32
f9c153ba-90ca-4ee7-aeb3-2553b97b94f0,ark:/87287/d70597
fa07c77a-a1ce-4b8d-8b4f-6a12e426db6a,ark:/87287/d7hp45
fafc735c-90b4-4080-8320-139d74413cb5,ark:/87287/d7160g
fd32549a-937e-482a-a965-4ad472b0894b,ark:/87287/d7ws37
fd5567ef-3452-4055-98d6-310bda040f70,ark:/87287/d73595
feb1e1a9-2a77-4fcb-ba23-7db374ff139e,ark:/87287/d7hg6v
