num,file_id,table,cluster,row,price_true,truth_entered_by
1,d79w2m-006,1,1,1,39.75,David
2,d79w2m-006,1,1,2,39.75,David
3,d79w2m-006,1,1,3,40.75,David
4,d79w2m-006,1,1,4,43.25,David
5,d79w2m-006,1,1,5,43.25,David
6,d79w2m-006,1,1,6,43.25,David
7,d79w2m-006,1,1,7,44.75,David
8,d79w2m-006,1,1,8,47.75,David
9,d79w2m-006,1,1,9,48.50,David
10,d79w2m-006,1,1,10,55.75,David
11,d79w2m-006,1,1,11,69.75,David
12,d79w2m-006,1,1,12,99.50,David
13,d79w2m-006,1,1,13,99.50,David
14,d79w2m-006,1,1,14,99.50,David
15,d79w2m-006,1,1,15,99.50,David
16,d79w2m-006,1,1,16,109.00,David
17,d79w2m-006,1,1,17,109.00,David
18,d79w2m-006,1,1,18,118.00,David
19,d79w2m-006,1,1,19,122.00,David
20,d79w2m-006,2,2,1,35.75,David
21,d79w2m-006,2,2,2,35.75,David
22,d79w2m-006,2,2,3,36.50,David
23,d79w2m-006,2,2,4,37.75,David
24,d79w2m-006,2,2,5,37.75,David
25,d79w2m-006,2,2,6,37.75,David
26,d79w2m-006,2,2,7,--,David
27,d79w2m-006,2,2,8,43.50,David
28,d79w2m-006,2,2,9,41.75,David
29,d79w2m-006,2,2,10,49.75,David
30,d79w2m-006,2,2,11,61.50,David
31,d79w2m-006,2,2,12,84.50,David
32,d79w2m-006,2,2,13,88.50,David
33,d79w2m-006,2,2,14,84.50,David
34,d79w2m-006,2,2,15,79.50,David
35,d79w2m-006,2,2,16,79.50,David
36,d79w2m-006,2,2,17,84.50,David
37,d79w2m-006,2,2,18,106.00,David
38,d79w2m-006,2,2,19,108.00,David
39,d79w2m-009,1,1,1,4.49,Jane
40,d79w2m-009,1,1,2,4.49,Jane
41,d79w2m-009,1,1,3,4.49,Jane
42,d79w2m-009,1,1,4,4.79,Jane
43,d79w2m-009,1,1,5,5.09,Jane
44,d79w2m-009,1,1,6,5.49,Jane
45,d79w2m-009,1,1,7,5.49,Jane
46,d79w2m-009,1,1,8,5.99,Jane
47,d79w2m-009,1,1,9,5.99,Jane
48,d79w2m-009,1,2,1,48.50,Jane
49,d79w2m-009,1,2,2,48.50,Jane
50,d79w2m-009,1,2,3,48.50,Jane
51,d79w2m-009,1,2,4,51.75,Jane
52,d79w2m-009,1,2,5,55.00,Jane
53,d79w2m-009,1,2,6,59.30,Jane
54,d79w2m-009,1,2,7,59.30,Jane
55,d79w2m-009,1,2,8,64.70,Jane
56,d79w2m-009,1,2,9,64.70,Jane
57,d79w2m-009,2,3,1,8.95,Jane
58,d79w2m-009,2,3,2,9.49,Jane
59,d79w2m-009,2,3,3,10.95,Jane
60,d79w2m-009,2,3,4,13.50,Jane
61,d79w2m-009,2,3,5,14.50,Jane
62,d79w2m-009,2,3,6,17.50,Jane
63,d79w2m-009,2,3,7,17.50,Jane
64,d79w2m-009,2,3,8,18.00,Jane
65,d79w2m-009,2,3,9,23.50,Jane
66,d79w2m-009,2,4,1,96.75,Jane
67,d79w2m-009,2,4,2,102.50,Jane
68,d79w2m-009,2,4,3,118.00,Jane
69,d79w2m-009,2,4,4,145.80,Jane
70,d79w2m-009,2,4,5,156.60,Jane
71,d79w2m-009,2,4,6,189.00,Jane
72,d79w2m-009,2,4,7,189.00,Jane
73,d79w2m-009,2,4,8,194.40,Jane
74,d79w2m-009,2,4,9,253.80,Jane
75,d79w2m-025,1,1,1,1.99,David
76,d79w2m-025,1,1,2,2.49,David
77,d79w2m-025,1,1,3,2.49,David
78,d79w2m-025,1,1,4,3.49,David
79,d79w2m-025,1,1,5,3.49,David
80,d79w2m-025,1,1,6,3.69,David
81,d79w2m-025,1,1,7,3.79,David
82,d79w2m-025,1,1,8,3.79,David
83,d79w2m-025,1,1,9,3.99,David
84,d79w2m-025,1,1,10,3.99,David
85,d79w2m-025,1,1,11,3.99,David
86,d79w2m-025,1,1,12,3.99,David
87,d79w2m-025,1,2,1,21.50,David
88,d79w2m-025,1,2,2,26.90,David
89,d79w2m-025,1,2,3,26.90,David
90,d79w2m-025,1,2,4,37.70,David
91,d79w2m-025,1,2,5,37.70,David
92,d79w2m-025,1,2,6,39.85,David
93,d79w2m-025,1,2,7,40.95,David
94,d79w2m-025,1,2,8,40.95,David
95,d79w2m-025,1,2,9,43.10,David
96,d79w2m-025,1,2,10,43.10,David
97,d79w2m-025,1,2,11,43.10,David
98,d79w2m-025,1,2,12,43.10,David
99,d79w2m-025,2,3,1,4.49,David
100,d79w2m-025,2,3,2,4.49,David
101,d79w2m-025,2,3,3,4.79,David
102,d79w2m-025,2,3,4,4.79,David
103,d79w2m-025,2,3,5,5.79,David
104,d79w2m-025,2,3,6,5.89,David
105,d79w2m-025,2,3,7,5.99,David
106,d79w2m-025,2,3,8,6.79,David
107,d79w2m-025,2,3,9,12.50,David
108,d79w2m-025,2,3,10,16.50,David
109,d79w2m-025,2,4,1,48.50,David
110,d79w2m-025,2,4,2,48.50,David
111,d79w2m-025,2,4,3,51.75,David
112,d79w2m-025,2,4,4,51.75,David
113,d79w2m-025,2,4,5,62.55,David
114,d79w2m-025,2,4,6,63.60,David
115,d79w2m-025,2,4,7,64.70,David
116,d79w2m-025,2,4,8,74.75,David
117,d79w2m-025,2,4,9,135.00,David
118,d79w2m-025,2,4,10,178.00,David
119,d7ps3c-026,1,1,1,1.49,David
120,d7ps3c-026,1,1,2,1.49,David
121,d7ps3c-026,1,1,3,1.49,David
122,d7ps3c-026,1,1,4,1.39,David
123,d7ps3c-026,1,1,5,1.79,David
124,d7ps3c-026,1,1,6,1.99,David
125,d7ps3c-026,1,1,7,2.19,David
126,d7ps3c-026,1,1,8,2.19,David
127,d7ps3c-026,1,2,1,16.10,David
128,d7ps3c-026,1,2,2,16.10,David
129,d7ps3c-026,1,2,3,16.10,David
130,d7ps3c-026,1,2,4,15.00,David
131,d7ps3c-026,1,2,5,19.35,David
132,d7ps3c-026,1,2,6,21.50,David
133,d7ps3c-026,1,2,7,23.65,David
134,d7ps3c-026,1,2,8,23.65,David
135,d7ps3c-026,2,3,1,2.29,David
136,d7ps3c-026,2,3,2,2.79,David
137,d7ps3c-026,2,3,3,2.79,David
138,d7ps3c-026,2,3,4,2.29,David
139,d7ps3c-026,2,3,5,2.79,David
140,d7ps3c-026,2,3,6,2.99,David
141,d7ps3c-026,2,3,7,7.95,David
142,d7ps3c-026,2,3,8,9.95,David
143,d7ps3c-026,2,4,1,24.75,David
144,d7ps3c-026,2,4,2,30.15,David
145,d7ps3c-026,2,4,3,30.15,David
146,d7ps3c-026,2,4,4,24.75,David
147,d7ps3c-026,2,4,5,30.15,David
148,d7ps3c-026,2,4,6,32.30,David
149,d7ps3c-026,2,4,7,89.50,David
150,d7ps3c-026,2,4,8,107.45,David
151,d72g6t-006,1,1,1,2.79,Jane
152,d72g6t-006,1,1,2,2.99,Jane
153,d72g6t-006,1,1,3,2.99,Jane
154,d72g6t-006,1,1,4,2.99,Jane
155,d72g6t-006,1,1,5,2.99,Jane
156,d72g6t-006,1,1,6,2.99,Jane
157,d72g6t-006,1,1,7,2.99,Jane
158,d72g6t-006,1,1,8,3.29,Jane
159,d72g6t-006,1,1,9,3.39,Jane
160,d72g6t-006,1,1,10,3.49,Jane
161,d72g6t-006,1,1,11,3.79,Jane
162,d72g6t-006,1,1,12,3.99,Jane
163,d72g6t-006,1,1,13,3.99,Jane
164,d72g6t-006,1,1,14,3.99,Jane
165,d72g6t-006,1,1,15,2.99,Jane
166,d72g6t-006,1,1,16,2.99,Jane
167,d72g6t-006,1,1,17,2.99,Jane
168,d72g6t-006,1,1,18,2.99,Jane
169,d72g6t-006,1,1,19,2.99,Jane
170,d72g6t-006,1,1,20,3.49,Jane
171,d72g6t-006,1,1,21,7.99,Jane
172,d72g6t-006,1,1,22,3.99,Jane
173,d72g6t-006,1,1,23,3.99,Jane
174,d72g6t-006,1,1,24,9.95,Jane
175,d72g6t-006,1,1,25,17.56,Jane
176,d72g6t-006,1,2,1,30.75,Jane
177,d72g6t-006,1,2,2,32.95,Jane
178,d72g6t-006,1,2,3,32.95,Jane
179,d72g6t-006,1,2,4,32.95,Jane
180,d72g6t-006,1,2,5,32.95,Jane
181,d72g6t-006,1,2,6,32.95,Jane
182,d72g6t-006,1,2,7,32.95,Jane
183,d72g6t-006,1,2,8,36.25,Jane
184,d72g6t-006,1,2,9,37.50,Jane
185,d72g6t-006,1,2,10,38.50,Jane
186,d72g6t-006,1,2,11,41.75,Jane
187,d72g6t-006,1,2,12,43.95,Jane
188,d72g6t-006,1,2,13,43.95,Jane
189,d72g6t-006,1,2,14,43.95,Jane
190,d72g6t-006,1,2,15,32.95,Jane
191,d72g6t-006,1,2,16,32.95,Jane
192,d72g6t-006,1,2,17,32.95,Jane
193,d72g6t-006,1,2,18,32.95,Jane
194,d72g6t-006,1,2,19,32.95,Jane
195,d72g6t-006,1,2,20,38.50,Jane
196,d72g6t-006,1,2,21,87.50,Jane
197,d72g6t-006,1,2,22,43.95,Jane
198,d72g6t-006,1,2,23,43.95,Jane
199,d72g6t-006,1,2,24,110.00,Jane
200,d72g6t-006,1,2,25,97.00,Jane
201,d7b01k-002,1,1,1,1.09,David
202,d7b01k-002,1,1,2,.69,David
203,d7b01k-002,1,1,3,1.39,David
204,d7b01k-002,1,1,4,.79,David
205,d7b01k-002,1,1,5,2.58,David
206,d7b01k-002,1,1,6,1.39,David
207,d7b01k-002,1,1,7,.79,David
208,d7b01k-002,1,1,8,2.99,David
209,d7b01k-002,1,1,9,1.59,David
210,d7b01k-002,1,1,10,1.45,David
211,d7b01k-002,1,1,11,.83,David
212,d7b01k-002,1,1,12,2.49,David
213,d7b01k-002,1,1,13,1.35,David
214,d7b01k-002,1,1,14,2.19,David
215,d7b01k-002,1,1,15,1.19,David
216,d7b01k-002,1,1,16,1.99,David
217,d7b01k-002,1,1,17,1.09,David
218,d7b01k-002,1,1,18,4.18,David
219,d7b01k-002,1,1,19,10.00,David
220,d7b01k-002,1,1,20,1.89,David
221,d7b01k-002,1,1,21,.99,David
222,d7b01k-002,1,1,22,2.49,David
223,d7b01k-002,1,1,23,2.79,David
224,d7b01k-002,1,1,24,2.79,David
225,d7b01k-002,1,1,25,3.99,David
226,d7b01k-002,1,1,26,4.39,David
227,d7b01k-002,1,1,27,2.29,David
228,d7b01k-002,1,1,28,3.69,David
229,d7b01k-002,1,1,29,2.49,David
230,d7b01k-002,1,1,30,2.49,David
231,d7b01k-002,1,1,31,2.49,David
232,d7b01k-002,1,1,32,1.35,David
233,d7b01k-002,1,1,33,3.99,David
234,d7b01k-002,1,1,34,2.79,David
235,d7b01k-002,1,1,35,2.99,David
236,d7b01k-002,1,1,36,4.79,David
237,d7b01k-002,1,1,37,2.29,David
238,d7b01k-002,1,1,38,4.99,David
239,d7b01k-002,1,1,39,2.79,David
240,d7b01k-002,1,1,40,1.99,David
241,d7b01k-002,1,1,41,6.25,David
242,d7b01k-002,1,1,42,2.79,David
243,d7b01k-002,1,1,43,2.49,David
244,d7b01k-002,1,1,44,3.75,David
245,d7b01k-002,1,1,45,3.49,David
246,d7b01k-002,1,1,46,2.49,David
247,d7b01k-002,1,1,47,1.35,David
248,d7b01k-002,1,2,1,12.50,David
249,d7b01k-002,1,2,2,14.50,David
250,d7b01k-002,1,2,3,15.50,David
251,d7b01k-002,1,2,4,17.50,David
252,d7b01k-002,1,2,5,14.50,David
253,d7b01k-002,1,2,6,15.50,David
254,d7b01k-002,1,2,7,17.50,David
255,d7b01k-002,1,2,8,34.50,David
256,d7b01k-002,1,2,9,36.50,David
257,d7b01k-002,1,2,10,16.00,David
258,d7b01k-002,1,2,11,18.00,David
259,d7b01k-002,1,2,12,27.95,David
260,d7b01k-002,1,2,13,29.95,David
261,d7b01k-002,1,2,14,24.75,David
262,d7b01k-002,1,2,15,26.75,David
263,d7b01k-002,1,2,16,22.65,David
264,d7b01k-002,1,2,17,24.65,David
265,d7b01k-002,1,2,18,23.65,David
266,d7b01k-002,1,2,19,27.00,David
267,d7b01k-002,1,2,20,21.50,David
268,d7b01k-002,1,2,21,23.50,David
269,d7b01k-002,1,2,22,27.95,David
270,d7b01k-002,1,2,23,31.50,David
271,d7b01k-002,1,2,24,31.50,David
272,d7b01k-002,1,2,25,45.75,David
273,d7b01k-002,1,2,26,49.00,David
274,d7b01k-002,1,2,27,51.00,David
275,d7b01k-002,1,2,28,42.50,David
276,d7b01k-002,1,2,29,27.95,David
277,d7b01k-002,1,2,30,27.95,David
278,d7b01k-002,1,2,31,27.95,David
279,d7b01k-002,1,2,32,29.95,David
280,d7b01k-002,1,2,33,45.75,David
281,d7b01k-002,1,2,34,31.50,David
282,d7b01k-002,1,2,35,34.50,David
283,d7b01k-002,1,2,36,54.00,David
284,d7b01k-002,1,2,37,24.75,David
285,d7b01k-002,1,2,38,56.50,David
286,d7b01k-002,1,2,39,31.50,David
287,d7b01k-002,1,2,40,22.65,David
288,d7b01k-002,1,2,41,67.50,David
289,d7b01k-002,1,2,42,31.50,David
290,d7b01k-002,1,2,43,27.95,David
291,d7b01k-002,1,2,44,40.50,David
292,d7b01k-002,1,2,45,38.75,David
293,d7b01k-002,1,2,46,27.95,David
294,d7b01k-002,1,2,47,29.95,David
295,d7b01k-002,2,3,1,6.49,David
296,d7b01k-002,2,3,2,3.49,David
297,d7b01k-002,2,3,3,1.49,David
298,d7b01k-002,2,3,4,1.09,David
299,d7b01k-002,2,3,5,2.49,David
300,d7b01k-002,2,3,6,2.49,David
301,d7b01k-002,2,3,7,2.49,David
302,d7b01k-002,2,3,8,3.50,David
303,d7b01k-002,2,3,9,2.79,David
304,d7b01k-002,2,3,10,6.49,David
305,d7b01k-002,2,3,11,12.89,David
306,d7b01k-002,2,3,12,7.49,David
307,d7b01k-002,2,3,13,2.49,David
308,d7b01k-002,2,3,14,.99,David
309,d7b01k-002,2,3,15,2.59,David
310,d7b01k-002,2,3,16,1.45,David
311,d7b01k-002,2,3,17,.74,David
312,d7b01k-002,2,3,18,5.49,David
313,d7b01k-002,2,3,19,2.49,David
314,d7b01k-002,2,3,20,2.79,David
315,d7b01k-002,2,3,21,2.79,David
316,d7b01k-002,2,3,22,2.99,David
317,d7b01k-002,2,3,23,6.19,David
318,d7b01k-002,2,3,24,2.99,David
319,d7b01k-002,2,3,25,6.49,David
320,d7b01k-002,2,3,26,2.79,David
321,d7b01k-002,2,3,27,2.99,David
322,d7b01k-002,2,3,28,2.49,David
323,d7b01k-002,2,3,29,2.19,David
324,d7b01k-002,2,3,30,1.19,David
325,d7b01k-002,2,3,31,4.98,David
326,d7b01k-002,2,3,32,2.79,David
327,d7b01k-002,2,3,33,2.49,David
328,d7b01k-002,2,3,34,1.35,David
329,d7b01k-002,2,3,35,2.99,David
330,d7b01k-002,2,3,36,2.49,David
331,d7b01k-002,2,3,37,1.35,David
332,d7b01k-002,2,3,38,7.49,David
333,d7b01k-002,2,3,39,14.98,David
334,d7b01k-002,2,3,40,2.79,David
335,d7b01k-002,2,3,41,6.99,David
336,d7b01k-002,2,3,42,6.49,David
337,d7b01k-002,2,3,43,7.49,David
338,d7b01k-002,2,3,44,6.49,David
339,d7b01k-002,2,3,45,6.19,David
340,d7b01k-002,2,3,46,2.49,David
341,d7b01k-002,2,3,47,2.79,David
342,d7b01k-002,2,3,48,6.49,David
343,d7b01k-002,2,3,49,2.99,David
344,d7b01k-002,2,3,50,2.09,Jane
345,d7b01k-002,2,3,51,23.50,Jane
346,d7b01k-002,2,3,52,13.95,Jane
347,d7b01k-002,2,4,1,75.00,David
348,d7b01k-002,2,4,2,39.75,David
349,d7b01k-002,2,4,3,16.95,David
350,d7b01k-002,2,4,4,24.65,David
351,d7b01k-002,2,4,5,27.95,David
352,d7b01k-002,2,4,6,27.95,David
353,d7b01k-002,2,4,7,27.95,David
354,d7b01k-002,2,4,8,38.50,David
355,d7b01k-002,2,4,9,31.50,David
356,d7b01k-002,2,4,10,75.00,David
357,d7b01k-002,2,4,11,75.00,David
358,d7b01k-002,2,4,12,85.00,David
359,d7b01k-002,2,4,13,27.95,David
360,d7b01k-002,2,4,14,21.95,David
361,d7b01k-002,2,4,15,27.97,David
362,d7b01k-002,2,4,16,31.32,David
363,d7b01k-002,2,4,17,16.50,David
364,d7b01k-002,2,4,18,62.50,David
365,d7b01k-002,2,4,19,27.95,David
366,d7b01k-002,2,4,20,31.50,David
367,d7b01k-002,2,4,21,31.50,David
368,d7b01k-002,2,4,22,34.50,David
369,d7b01k-002,2,4,23,69.00,David
370,d7b01k-002,2,4,24,34.50,David
371,d7b01k-002,2,4,25,75.00,David
372,d7b01k-002,2,4,26,31.50,David
373,d7b01k-002,2,4,27,34.50,David
374,d7b01k-002,2,4,28,27.95,David
375,d7b01k-002,2,4,29,24.50,David
376,d7b01k-002,2,4,30,26.50,David
377,d7b01k-002,2,4,31,27.95,David
378,d7b01k-002,2,4,32,31.50,David
379,d7b01k-002,2,4,33,27.95,David
380,d7b01k-002,2,4,34,29.95,David
381,d7b01k-002,2,4,35,34.50,David
382,d7b01k-002,2,4,36,27.95,David
383,d7b01k-002,2,4,37,29.95,David
384,d7b01k-002,2,4,38,85.00,David
385,d7b01k-002,2,4,39,75.00,David
386,d7b01k-002,2,4,40,30.75,David
387,d7b01k-002,2,4,41,81.50,David
388,d7b01k-002,2,4,42,75.00,David
389,d7b01k-002,2,4,43,85.00,David
390,d7b01k-002,2,4,44,75.00,David
391,d7b01k-002,2,4,45,73.00,David
392,d7b01k-002,2,4,46,27.95,David
393,d7b01k-002,2,4,47,31.50,David
394,d7b01k-002,2,4,48,75.00,David
395,d7b01k-002,2,4,49,34.50,David
396,d7b01k-002,2,4,50,48.75,Jane
397,d7b01k-002,2,4,51,135.00,Jane
398,d7b01k-002,2,4,52,155.00,Jane
399,d7b01k-002,3,5,1,2.09,David
400,d7b01k-002,3,5,2,23.50,David
401,d7b01k-002,3,5,3,13.95,David
402,d7b01k-002,3,6,1,48.75,David
403,d7b01k-002,3,6,2,135.00,David
404,d7b01k-002,3,6,3,155.00,David
405,d7np4d-001,1,1,1,3.49,Jane
406,d7np4d-001,1,1,2,2.49,Jane
407,d7np4d-001,1,1,3,4.49,Jane
408,d7np4d-001,1,1,4,2.99,Jane
409,d7np4d-001,1,1,5,2.19,Jane
410,d7np4d-001,1,1,6,2.49,Jane
411,d7np4d-001,1,1,7,2.29,Jane
412,d7np4d-001,1,1,8,2.80,Jane
413,d7np4d-001,1,1,9,3.89,Jane
414,d7np4d-001,1,1,10,3.25,Jane
415,d7np4d-001,1,1,11,1.99,Jane
416,d7np4d-001,1,1,12,4.29,Jane
417,d7np4d-001,1,1,13,2.49,Jane
418,d7np4d-001,1,1,14,1.69,Jane
419,d7np4d-001,1,1,15,3.89,Jane
420,d7np4d-001,1,1,16,1.99,Jane
421,d7np4d-001,1,1,17,1.99,Jane
422,d7np4d-001,1,1,18,1.99,Jane
423,d7np4d-001,1,1,19,2.49,Jane
424,d7np4d-001,1,1,20,3.49,Jane
425,d7np4d-001,1,1,21,3.29,Jane
426,d7np4d-001,1,1,22,2.19,Jane
427,d7np4d-001,1,1,23,2.29,Jane
428,d7np4d-001,1,2,1,6.98,Jane
429,d7np4d-001,1,2,2,4.98,Jane
430,d7np4d-001,1,2,3,8.98,Jane
431,d7np4d-001,1,2,4,5.98,Jane
432,d7np4d-001,1,2,5,4.38,Jane
433,d7np4d-001,1,2,6,4.98,Jane
434,d7np4d-001,1,2,7,4.58,Jane
435,d7np4d-001,1,2,8,5.60,Jane
436,d7np4d-001,1,2,9,7.78,Jane
437,d7np4d-001,1,2,10,6.50,Jane
438,d7np4d-001,1,2,11,3.98,Jane
439,d7np4d-001,1,2,12,8.58,Jane
440,d7np4d-001,1,2,13,4.98,Jane
441,d7np4d-001,1,2,14,3.38,Jane
442,d7np4d-001,1,2,15,7.78,Jane
443,d7np4d-001,1,2,16,3.98,Jane
444,d7np4d-001,1,2,17,3.98,Jane
445,d7np4d-001,1,2,18,3.98,Jane
446,d7np4d-001,1,2,19,4.98,Jane
447,d7np4d-001,1,2,20,6.98,Jane
448,d7np4d-001,1,2,21,6.58,Jane
449,d7np4d-001,1,2,22,4.38,Jane
450,d7np4d-001,1,2,23,4.58,Jane
451,d7sg6b-006,1,1,1,3.99,Yanxi
452,d7sg6b-006,1,1,2,4.99,Yanxi
453,d7sg6b-006,1,1,3,4.99,Yanxi
454,d7sg6b-006,1,1,4,5.49,Yanxi
455,d7sg6b-006,1,1,5,5.99,Yanxi
456,d7sg6b-006,1,1,6,5.99,Yanxi
457,d7sg6b-006,1,1,7,5.99,Yanxi
458,d7sg6b-006,1,1,8,6.49,Yanxi
459,d7sg6b-006,1,1,9,6.95,Yanxi
460,d7sg6b-006,1,1,10,7.99,Yanxi
461,d7sg6b-006,1,1,11,8.95,Yanxi
462,d7sg6b-006,1,1,12,8.99,Yanxi
463,d7sg6b-006,1,1,13,9.95,Yanxi
464,d7sg6b-006,1,1,14,9.95,Yanxi
465,d7sg6b-006,1,1,15,14.95,Yanxi
466,d7sg6b-006,1,2,1,43.10,Yanxi
467,d7sg6b-006,1,2,2,53.90,Yanxi
468,d7sg6b-006,1,2,3,53.90,Yanxi
469,d7sg6b-006,1,2,4,59.30,Yanxi
470,d7sg6b-006,1,2,5,64.70,Yanxi
471,d7sg6b-006,1,2,6,64.70,Yanxi
472,d7sg6b-006,1,2,7,64.70,Yanxi
473,d7sg6b-006,1,2,8,70.10,Yanxi
474,d7sg6b-006,1,2,9,75.05,Yanxi
475,d7sg6b-006,1,2,10,86.30,Yanxi
476,d7sg6b-006,1,2,11,96.65,Yanxi
477,d7sg6b-006,1,2,12,97.10,Yanxi
478,d7sg6b-006,1,2,13,107.45,Yanxi
479,d7sg6b-006,1,2,14,107.45,Yanxi
480,d7sg6b-006,1,2,15,161.50,Yanxi
481,d7nc7f-010,1,1,1,7.95,Yanxi
482,d7nc7f-010,1,1,2,12.25,Yanxi
483,d7nc7f-010,1,1,3,17.95,Yanxi
484,d7nc7f-010,1,1,4,22.50,Yanxi
485,d7nc7f-010,1,1,5,34.50,Yanxi
486,d7nc7f-010,1,2,1,85.85,Yanxi
487,d7nc7f-010,1,2,2,132.50,Yanxi
488,d7nc7f-010,1,2,3,193.85,Yanxi
489,d7nc7f-010,1,2,4,243.00,Yanxi
490,d7nc7f-010,1,2,5,372.60,Yanxi
491,d7nc7f-010,2,3,1,1.39,Yanxi
492,d7nc7f-010,2,3,2,1.99,Yanxi
493,d7nc7f-010,2,3,3,1.99,Yanxi
494,d7nc7f-010,2,3,4,2.25,Yanxi
495,d7nc7f-010,2,3,5,2.29,Yanxi
496,d7nc7f-010,2,3,6,2.49,Yanxi
497,d7nc7f-010,2,3,7,2.59,Yanxi
498,d7nc7f-010,2,3,8,2.59,Yanxi
499,d7nc7f-010,2,3,9,2.59,Yanxi
500,d7nc7f-010,2,3,10,2.95,Yanxi
501,d7nc7f-010,2,3,11,2.99,Yanxi
502,d7nc7f-010,2,3,12,2.99,Yanxi
503,d7nc7f-010,2,3,13,3.19,Yanxi
504,d7nc7f-010,2,3,14,3.19,Yanxi
505,d7nc7f-010,2,4,1,15.12,Yanxi
506,d7nc7f-010,2,4,2,22.50,Yanxi
507,d7nc7f-010,2,4,3,22.50,Yanxi
508,d7nc7f-010,2,4,4,24.50,Yanxi
509,d7nc7f-010,2,4,5,24.73,Yanxi
510,d7nc7f-010,2,4,6,26.90,Yanxi
511,d7nc7f-010,2,4,7,27.97,Yanxi
512,d7nc7f-010,2,4,8,29.85,Yanxi
513,d7nc7f-010,2,4,9,29.85,Yanxi
514,d7nc7f-010,2,4,10,31.86,Yanxi
515,d7nc7f-010,2,4,11,32.30,Yanxi
516,d7nc7f-010,2,4,12,32.30,Yanxi
517,d7nc7f-010,2,4,13,34.45,Yanxi
518,d7nc7f-010,2,4,14,34.45,Yanxi
519,d7nc7f-010,3,5,1,14.96,Yanxi
520,d7nc7f-010,3,5,2,17.96,Yanxi
521,d7nc7f-010,3,5,3,17.96,Yanxi
522,d7nc7f-010,3,5,4,17.96,Yanxi
523,d7nc7f-018,1,1,1,3.10,Yanxi
524,d7nc7f-018,1,1,2,6.60,Yanxi
525,d7nc7f-018,1,1,3,3.10,Yanxi
526,d7nc7f-018,1,1,4,3.10,Yanxi
527,d7nc7f-018,1,1,5,6.60,Yanxi
528,d7nc7f-018,1,1,6,7.39,Yanxi
529,d7nc7f-018,1,1,7,14.00,Yanxi
530,d7nc7f-018,1,1,8,6.65,Yanxi
531,d7nc7f-018,1,1,9,6.65,Yanxi
532,d7nc7f-018,1,1,10,2.79,Yanxi
533,d7nc7f-018,1,1,11,3.19,Yanxi
534,d7nc7f-018,1,1,12,3.19,Yanxi
535,d7nc7f-018,1,1,13,3.49,Yanxi
536,d7nc7f-018,1,1,14,2.79,Yanxi
537,d7nc7f-018,1,1,15,3.49,Yanxi
538,d7nc7f-018,1,1,16,3.65,Yanxi
539,d7nc7f-018,1,1,17,1.69,Yanxi
540,d7nc7f-018,1,1,18,3.29,Yanxi
541,d7nc7f-018,1,1,19,1.59,Yanxi
542,d7nc7f-018,1,1,20,3.10,Yanxi
543,d7nc7f-018,1,2,1,33.48,Yanxi
544,d7nc7f-018,1,2,2,23.76,Yanxi
545,d7nc7f-018,1,2,3,33.48,Yanxi
546,d7nc7f-018,1,2,4,33.48,Yanxi
547,d7nc7f-018,1,2,5,23.76,Yanxi
548,d7nc7f-018,1,2,6,79.80,Yanxi
549,d7nc7f-018,1,2,7,151.25,Yanxi
550,d7nc7f-018,1,2,8,72.00,Yanxi
551,d7nc7f-018,1,2,9,72.00,Yanxi
552,d7nc7f-018,1,2,10,30.15,Yanxi
553,d7nc7f-018,1,2,11,34.45,Yanxi
554,d7nc7f-018,1,2,12,34.45,Yanxi
555,d7nc7f-018,1,2,13,37.70,Yanxi
556,d7nc7f-018,1,2,14,30.15,Yanxi
557,d7nc7f-018,1,2,15,37.70,Yanxi
558,d7nc7f-018,1,2,16,39.40,Yanxi
559,d7nc7f-018,1,2,17,18.25,Yanxi
560,d7nc7f-018,1,2,18,17.77,Yanxi
561,d7nc7f-018,1,2,19,17.15,Yanxi
562,d7nc7f-018,1,2,20,16.75,Yanxi
563,d7nc7f-018,2,3,1,1.89,Yanxi
564,d7nc7f-018,2,3,2,2.79,Yanxi
565,d7nc7f-018,2,3,3,1.89,Yanxi
566,d7nc7f-018,2,3,4,1.89,Yanxi
567,d7nc7f-018,2,3,5,2.79,Yanxi
568,d7nc7f-018,2,3,6,4.95,Yanxi
569,d7nc7f-018,2,3,7,4.95,Yanxi
570,d7nc7f-018,2,3,8,4.77,Yanxi
571,d7nc7f-018,2,3,9,3.36,Yanxi
572,d7nc7f-018,2,3,10,3.36,Yanxi
573,d7nc7f-018,2,3,11,3.52,Yanxi
574,d7nc7f-018,2,3,12,3.75,Yanxi
575,d7nc7f-018,2,3,13,3.75,Yanxi
576,d7nc7f-018,2,3,14,2.99,Yanxi
577,d7nc7f-018,2,3,15,2.99,Yanxi
578,d7nc7f-018,2,3,16,3.25,Yanxi
579,d7nc7f-018,2,4,1,20.50,Yanxi
580,d7nc7f-018,2,4,2,30.15,Yanxi
581,d7nc7f-018,2,4,3,20.50,Yanxi
582,d7nc7f-018,2,4,4,20.50,Yanxi
583,d7nc7f-018,2,4,5,30.15,Yanxi
584,d7nc7f-018,2,4,6,53.45,Yanxi
585,d7nc7f-018,2,4,7,53.45,Yanxi
586,d7nc7f-018,2,4,8,51.57,Yanxi
587,d7nc7f-018,2,4,9,36.32,Yanxi
588,d7nc7f-018,2,4,10,36.32,Yanxi
589,d7nc7f-018,2,4,11,38.07,Yanxi
590,d7nc7f-018,2,4,12,40.50,Yanxi
591,d7nc7f-018,2,4,13,40.50,Yanxi
592,d7nc7f-018,2,4,14,32.30,Yanxi
593,d7nc7f-018,2,4,15,32.30,Yanxi
594,d7nc7f-018,2,4,16,35.10,Yanxi
595,d7xw26-063,1,1,1,-,Yanxi
596,d7xw26-063,1,1,2,126.50,Yanxi
597,d7xw26-063,1,1,3,-,Yanxi
598,d7xw26-063,1,1,4,132.25,Yanxi
599,d7xw26-063,1,1,5,150.65,Yanxi
600,d7xw26-063,1,2,1,-,Yanxi
601,d7xw26-063,1,2,2,10.50,Yanxi
602,d7xw26-063,1,2,3,-,Yanxi
603,d7xw26-063,1,2,4,12.25,Yanxi
604,d7xw26-063,1,2,5,13.95,Yanxi
605,d7xw26-063,1,3,1,204.00,Yanxi
606,d7xw26-063,1,3,2,253.50,Yanxi
607,d7xw26-063,1,3,3,370.00,Yanxi
608,d7xw26-063,1,3,4,374.50,Yanxi
609,d7xw26-063,1,3,5,378.00,Yanxi
610,d7xw26-063,1,4,1,18.90,Yanxi
611,d7xw26-063,1,4,2,23.45,Yanxi
612,d7xw26-063,1,4,3,34.25,Yanxi
613,d7xw26-063,1,4,4,34.65,Yanxi
614,d7xw26-063,1,4,5,35.00,Yanxi
615,d7xw26-063,2,5,1,48.50,Yanxi
616,d7xw26-063,2,5,2,53.90,Yanxi
617,d7xw26-063,2,5,3,59.30,Yanxi
618,d7xw26-063,2,5,4,75.05,Yanxi
619,d7xw26-063,2,5,5,129.05,Yanxi
620,d7xw26-063,2,5,6,215.45,Yanxi
621,d7xw26-063,2,6,1,4.49,Yanxi
622,d7xw26-063,2,6,2,4.99,Yanxi
623,d7xw26-063,2,6,3,5.49,Yanxi
624,d7xw26-063,2,6,4,6.95,Yanxi
625,d7xw26-063,2,6,5,11.95,Yanxi
626,d7xw26-063,2,6,6,19.95,Yanxi
627,d7xw26-063,2,7,1,-,Yanxi
628,d7xw26-063,2,7,2,-,Yanxi
629,d7xw26-063,2,7,3,64.70,Yanxi
630,d7xw26-063,2,7,4,-,Yanxi
631,d7xw26-063,2,7,5,124.20,Yanxi
632,d7xw26-063,2,7,6,243.00,Yanxi
633,d7xw26-063,2,8,1,-,Yanxi
634,d7xw26-063,2,8,2,-,Yanxi
635,d7xw26-063,2,8,3,5.99,Yanxi
636,d7xw26-063,2,8,4,-,Yanxi
637,d7xw26-063,2,8,5,11.50,Yanxi
638,d7xw26-063,2,8,6,22.50,Yanxi
639,d7xw26-064,1,1,1,37.50,Yanxi
640,d7xw26-064,1,1,2,32.50,Yanxi
641,d7xw26-064,1,1,3,32.50,Yanxi
642,d7xw26-064,1,1,4,27.50,Yanxi
643,d7xw26-064,1,1,5,26.75,Yanxi
644,d7xw26-064,2,2,1,27.50,Yanxi
645,d7xw26-065,1,1,1,3.44,Yanxi
646,d7xw26-065,1,1,2,3.89,Yanxi
647,d7xw26-065,1,1,3,4.19,Yanxi
648,d7xw26-065,1,1,4,4.20,Yanxi
649,d7xw26-065,1,1,5,4.89,Yanxi
650,d7xw26-065,1,1,6,5.19,Yanxi
651,d7xw26-065,1,1,7,5.28,Yanxi
652,d7xw26-065,1,1,8,5.45,Yanxi
653,d7xw26-065,1,1,9,5.50,Yanxi
654,d7xw26-065,1,2,1,35.91,Yanxi
655,d7xw26-065,1,2,2,39.96,Yanxi
656,d7xw26-065,1,2,3,42.66,Yanxi
657,d7xw26-065,1,2,4,42.75,Yanxi
658,d7xw26-065,1,2,5,48.96,Yanxi
659,d7xw26-065,1,2,6,51.66,Yanxi
660,d7xw26-065,1,2,7,52.47,Yanxi
661,d7xw26-065,1,2,8,54.00,Yanxi
662,d7xw26-065,1,2,9,54.45,Yanxi
663,d76k5q-011,1,1,1,2.49,Yanxi
664,d76k5q-011,1,1,2,3.19,Yanxi
665,d76k5q-011,1,1,3,3.29,Yanxi
666,d76k5q-011,1,2,1,26.90,Yanxi
667,d76k5q-011,1,2,2,34.45,Yanxi
668,d76k5q-011,1,2,3,35.55,Yanxi
669,d76k5q-011,2,3,1,2.49,Yanxi
670,d76k5q-011,2,3,2,2.99,Yanxi
671,d76k5q-011,2,3,3,3.29,Yanxi
672,d76k5q-011,2,3,4,3.29,Yanxi
673,d76k5q-011,2,3,5,3.49,Yanxi
674,d76k5q-011,2,3,6,3.49,Yanxi
675,d76k5q-011,2,4,1,26.90,Yanxi
676,d76k5q-011,2,4,2,32.30,Yanxi
677,d76k5q-011,2,4,3,35.55,Yanxi
678,d76k5q-011,2,4,4,35.55,Yanxi
679,d76k5q-011,2,4,5,37.70,Yanxi
680,d76k5q-011,2,4,6,37.70,Yanxi
681,d76k5q-011,3,5,1,34.79,Yanxi
682,d76k5q-011,3,5,2,34.79,Yanxi
683,d76k5q-011,3,5,3,38.25,Yanxi
684,d76k5q-011,3,5,4,35.87,Yanxi
685,d76k5q-011,3,5,5,38.79,Yanxi
686,d76k5q-011,3,5,6,41.72,Yanxi
687,d76k5q-011,3,5,7,43.65,Yanxi
688,d76k5q-011,3,5,8,48.60,Yanxi
689,d76k5q-011,3,5,9,51.75,Yanxi
690,d76k5q-011,3,5,10,53.37,Yanxi
691,d76k5q-011,3,5,11,54.00,Yanxi
692,d76k5q-011,3,5,12,68.40,Yanxi
693,d76k5q-011,3,6,1,38.65,Yanxi
694,d76k5q-011,3,6,2,38.65,Yanxi
695,d76k5q-011,3,6,3,39.85,Yanxi
696,d76k5q-011,3,6,4,42.50,Yanxi
697,d76k5q-011,3,6,5,43.10,Yanxi
698,d76k5q-011,3,6,6,46.35,Yanxi
699,d76k5q-011,3,6,7,48.50,Yanxi
700,d76k5q-011,3,6,8,54.00,Yanxi
701,d76k5q-011,3,6,9,57.50,Yanxi
702,d76k5q-011,3,6,10,59.30,Yanxi
703,d76k5q-011,3,6,11,60.00,Yanxi
704,d76k5q-011,3,6,12,76.00,Yanxi
705,d7ms3r-025,1,1,1,6.99,Yanxi
706,d7ms3r-025,1,1,2,7.49,Yanxi
707,d7ms3r-025,1,1,3,9.95,Yanxi
708,d7ms3r-025,1,1,4,12.50,Yanxi
709,d7ms3r-025,1,1,5,14.50,Yanxi
710,d7ms3r-025,1,2,1,75.50,Yanxi
711,d7ms3r-025,1,2,2,80.90,Yanxi
712,d7ms3r-025,1,2,3,107.45,Yanxi
713,d7ms3r-025,1,2,4,135.00,Yanxi
714,d7ms3r-025,1,2,5,156.00,Yanxi
715,d7ms3r-025,2,3,1,-,Yanxi
716,d7ms3r-025,2,3,2,-,Yanxi
717,d7ms3r-025,2,3,3,1.59,Yanxi
718,d7ms3r-025,2,3,4,-,Yanxi
719,d7ms3r-025,2,3,5,-,Yanxi
720,d7ms3r-025,2,3,6,1.89,Yanxi
721,d7ms3r-025,2,3,7,-,Yanxi
722,d7ms3r-025,2,3,8,-,Yanxi
723,d7ms3r-025,2,3,9,"",Yanxi
724,d7ms3r-025,2,3,10,1.99,Yanxi
725,d7ms3r-025,2,4,1,-,Yanxi
726,d7ms3r-025,2,4,2,-,Yanxi
727,d7ms3r-025,2,4,3,18.50,Yanxi
728,d7ms3r-025,2,4,4,-,Yanxi
729,d7ms3r-025,2,4,5,-,Yanxi
730,d7ms3r-025,2,4,6,21.50,Yanxi
731,d7ms3r-025,2,4,7,-,Yanxi
732,d7ms3r-025,2,4,8,-,Yanxi
733,d7ms3r-025,2,4,9,"",Yanxi
734,d7ms3r-025,2,4,10,22.50,Yanxi
735,d7qp41-005,1,1,1,1.99,Yanxi
736,d7qp41-005,1,1,2,1.99,Yanxi
737,d7qp41-005,1,1,3,2.99,Yanxi
738,d7qp41-005,1,1,4,3.49,Yanxi
739,d7qp41-005,1,1,5,3.89,Yanxi
740,d7qp41-005,1,1,6,3.99,Yanxi
741,d7qp41-005,1,1,7,4.49,Yanxi
742,d7qp41-005,1,1,8,4.99,Yanxi
743,d7qp41-005,1,2,1,22.50,Yanxi
744,d7qp41-005,1,2,2,22.50,Yanxi
745,d7qp41-005,1,2,3,32.30,Yanxi
746,d7qp41-005,1,2,4,37.70,Yanxi
747,d7qp41-005,1,2,5,42.00,Yanxi
748,d7qp41-005,1,2,6,43.10,Yanxi
749,d7qp41-005,1,2,7,48.50,Yanxi
750,d7qp41-005,1,2,8,53.90,Yanxi
751,d7qp41-005,2,3,1,5.99,Yanxi
752,d7qp41-005,2,3,2,6.49,Yanxi
753,d7qp41-005,2,3,3,6.79,Yanxi
754,d7qp41-005,2,3,4,6.99,Yanxi
755,d7qp41-005,2,3,5,6.99,Yanxi
756,d7qp41-005,2,3,6,6.99,Yanxi
757,d7qp41-005,2,3,7,7.95,Yanxi
758,d7qp41-005,2,3,8,9.95,Yanxi
759,d7qp41-005,2,4,1,64.70,Yanxi
760,d7qp41-005,2,4,2,70.10,Yanxi
761,d7qp41-005,2,4,3,73.35,Yanxi
762,d7qp41-005,2,4,4,75.50,Yanxi
763,d7qp41-005,2,4,5,75.50,Yanxi
764,d7qp41-005,2,4,6,75.50,Yanxi
765,d7qp41-005,2,4,7,85.85,Yanxi
766,d7qp41-005,2,4,8,107.45,Yanxi
767,d75c73-008,1,1,1,1.99,Yanxi
768,d75c73-008,1,1,2,3.49,Yanxi
769,d75c73-008,1,1,3,3.99,Yanxi
770,d75c73-008,1,1,4,4.09,Yanxi
771,d75c73-008,1,1,5,4.69,Yanxi
772,d75c73-008,1,1,6,4.99,Yanxi
773,d75c73-008,1,1,7,5.19,Yanxi
774,d75c73-008,1,1,8,6.69,Yanxi
775,d75c73-008,1,1,9,5.99,Yanxi
776,d75c73-008,1,1,10,6.99,Yanxi
777,d75c73-008,1,1,11,7.95,Yanxi
778,d75c73-008,1,1,12,9.95,Yanxi
779,d75c73-008,1,1,13,9.95,Yanxi
780,d75c73-008,1,1,14,6.79,Yanxi
781,d75c73-008,1,1,15,7.99,Yanxi
782,d75c73-008,1,1,16,8.95,Yanxi
783,d75c73-008,1,1,17,8.99,Yanxi
784,d75c73-008,1,1,18,9.49,Yanxi
785,d75c73-008,1,2,1,21.50,Yanxi
786,d75c73-008,1,2,2,37.70,Yanxi
787,d75c73-008,1,2,3,43.10,Yanxi
788,d75c73-008,1,2,4,44.15,Yanxi
789,d75c73-008,1,2,5,50.65,Yanxi
790,d75c73-008,1,2,6,53.90,Yanxi
791,d75c73-008,1,2,7,56.05,Yanxi
792,d75c73-008,1,2,8,72.36,Yanxi
793,d75c73-008,1,2,9,64.70,Yanxi
794,d75c73-008,1,2,10,75.70,Yanxi
795,d75c73-008,1,2,11,85.85,Yanxi
796,d75c73-008,1,2,12,107.45,Yanxi
797,d75c73-008,1,2,13,107.45,Yanxi
798,d75c73-008,1,2,14,73.35,Yanxi
799,d75c73-008,1,2,15,86.30,Yanxi
800,d75c73-008,1,2,16,96.65,Yanxi
801,d75c73-008,1,2,17,97.10,Yanxi
802,d75c73-008,1,2,18,102.50,Yanxi
803,d75c73-008,2,3,1,8.19,Yanxi
804,d75c73-008,2,3,2,9.95,Yanxi
805,d75c73-008,2,3,3,10.95,Yanxi
806,d75c73-008,2,3,4,12.25,Yanxi
807,d75c73-008,2,3,5,13.50,Yanxi
808,d75c73-008,2,3,6,13.50,Yanxi
809,d75c73-008,2,3,7,15.75,Yanxi
810,d75c73-008,2,3,8,15.75,Yanxi
811,d75c73-008,2,3,9,10.50,Yanxi
812,d75c73-008,2,3,10,10.50,Yanxi
813,d75c73-008,2,3,11,12.25,Yanxi
814,d75c73-008,2,3,12,29.50,Yanxi
815,d75c73-008,2,3,13,31.50,Yanxi
816,d75c73-008,2,3,14,35.00,Yanxi
817,d75c73-008,2,3,15,11.50,Yanxi
818,d75c73-008,2,3,16,13.50,Yanxi
819,d75c73-008,2,3,17,26.50,Yanxi
820,d75c73-008,2,3,18,26.50,Yanxi
821,d75c73-008,2,4,1,88.45,Yanxi
822,d75c73-008,2,4,2,107.45,Yanxi
823,d75c73-008,2,4,3,118.25,Yanxi
824,d75c73-008,2,4,4,132.30,Yanxi
825,d75c73-008,2,4,5,145.80,Yanxi
826,d75c73-008,2,4,6,145.80,Yanxi
827,d75c73-008,2,4,7,170.10,Yanxi
828,d75c73-008,2,4,8,170.10,Yanxi
829,d75c73-008,2,4,9,114.15,Yanxi
830,d75c73-008,2,4,10,114.15,Yanxi
831,d75c73-008,2,4,11,132.30,Yanxi
832,d75c73-008,2,4,12,318.60,Yanxi
833,d75c73-008,2,4,13,340.00,Yanxi
834,d75c73-008,2,4,14,378.00,Yanxi
835,d75c73-008,2,4,15,124.20,Yanxi
836,d75c73-008,2,4,16,145.80,Yanxi
837,d75c73-008,2,4,17,286.20,Yanxi
838,d75c73-008,2,4,18,286.20,Yanxi
839,d7pp4q-040,1,1,1,3.79,Yanxi
840,d7pp4q-040,1,1,2,3.79,Yanxi
841,d7pp4q-040,1,1,3,9.75,Yanxi
842,d7pp4q-040,1,1,4,3.79,Yanxi
843,d7pp4q-040,1,1,5,3.79,Yanxi
844,d7pp4q-040,1,2,1,40.93,Yanxi
845,d7pp4q-040,1,2,2,40.93,Yanxi
846,d7pp4q-040,1,2,3,105.30,Yanxi
847,d7pp4q-040,1,2,4,40.93,Yanxi
848,d7pp4q-040,1,2,5,40.93,Yanxi
849,d7bc7n-021,1,1,1,25.95,Yanxi
850,d7bc7n-021,1,1,2,26.95,Yanxi
851,d7bc7n-021,1,1,3,29.95,Yanxi
852,d7bc7n-021,2,2,1,19.95,Yanxi
853,d7bc7n-021,2,2,2,24.95,Yanxi
854,d7bc7n-021,2,2,3,25.95,Yanxi
855,d7bc7n-021,3,3,1,26.95,Yanxi
856,d7bc7n-021,3,3,2,27.95,Yanxi
857,d7bc7n-021,3,3,3,27.95,Yanxi
858,d7bc7n-021,4,4,1,68.50,Yanxi
859,d7bc7n-021,5,5,1,20.75,Yanxi
860,d7jp4g-076,1,1,1,2.78,Yanxi
861,d7jp4g-076,1,1,2,4.63,Yanxi
862,d7jp4g-076,1,1,3,6.99,Yanxi
863,d7jp4g-076,1,1,4,13.20,Yanxi
864,d7jp4g-076,1,1,5,3.25,Yanxi
865,d7jp4g-076,1,1,6,3.38,Yanxi
866,d7jp4g-076,1,1,7,4.17,Yanxi
867,d7jp4g-076,1,1,8,5.95,Yanxi
868,d7jp4g-076,1,1,9,2.13,Yanxi
869,d7jp4g-076,1,1,10,3.33,Yanxi
870,d7jp4g-076,1,1,11,3.85,Yanxi
871,d7jp4g-076,1,1,12,2.59,Yanxi
872,d7jp4g-076,1,1,13,2.87,Yanxi
873,d7jp4g-076,1,1,14,2.18,Yanxi
874,d7jp4g-076,1,1,15,2.50,Yanxi
875,d7jp4g-076,1,2,1,30.00,Yanxi
876,d7jp4g-076,1,2,2,50.00,Yanxi
877,d7jp4g-076,1,2,3,75.50,Yanxi
878,d7jp4g-076,1,2,4,142.50,Yanxi
879,d7jp4g-076,1,2,5,35.00,Yanxi
880,d7jp4g-076,1,2,6,36.50,Yanxi
881,d7jp4g-076,1,2,7,45.00,Yanxi
882,d7jp4g-076,1,2,8,64.00,Yanxi
883,d7jp4g-076,1,2,9,23.00,Yanxi
884,d7jp4g-076,1,2,10,36.00,Yanxi
885,d7jp4g-076,1,2,11,41.60,Yanxi
886,d7jp4g-076,1,2,12,27.97,Yanxi
887,d7jp4g-076,1,2,13,31.00,Yanxi
888,d7jp4g-076,1,2,14,23.50,Yanxi
889,d7jp4g-076,1,2,15,27.00,Yanxi
890,d7jp4g-076,2,3,1,3.69,Yanxi
891,d7jp4g-076,2,3,2,3.99,Yanxi
892,d7jp4g-076,2,4,1,39.85,Yanxi
893,d7jp4g-076,2,4,2,43.09,Yanxi
894,d7jp4g-076,3,5,1,3.99,Yanxi
895,d7jp4g-076,3,5,2,4.99,Yanxi
896,d7jp4g-076,3,6,1,43.09,Yanxi
897,d7jp4g-076,3,6,2,53.88,Yanxi
898,d7dw2j-007,1,1,1,5.39,David
899,d7dw2j-007,1,1,2,6.66,David
900,d7dw2j-007,1,1,3,5.39,David
901,d7dw2j-007,1,1,4,5.99,David
902,d7dw2j-007,1,1,5,5.99,David
903,d7dw2j-007,1,1,6,11.60,David
904,d7dw2j-007,1,1,7,11.60,David
905,d7dw2j-007,1,1,8,3.19,David
906,d7dw2j-007,1,1,9,3.19,David
907,d7dw2j-007,1,1,10,3.99,David
908,d7dw2j-007,1,1,11,3.99,David
909,d7dw2j-007,1,1,12,5.39,David
910,d7dw2j-007,1,1,13,6.85,David
911,d7dw2j-007,1,1,14,5.79,David
912,d7dw2j-007,1,1,15,7.99,David
913,d7dw2j-007,1,1,16,3.79,David
914,d7dw2j-007,1,1,17,5.49,David
915,d7dw2j-007,1,1,18,5.79,David
916,d7dw2j-007,1,1,19,6.59,David
917,d7dw2j-007,1,1,20,24.75,David
918,d7dw2j-007,1,1,21,5.29,David
919,d7dw2j-007,1,1,22,5.79,David
920,d7dw2j-007,1,1,23,7.49,David
921,d7dw2j-007,1,2,1,58.25,David
922,d7dw2j-007,1,2,2,72.00,David
923,d7dw2j-007,1,2,3,58.22,David
924,d7dw2j-007,1,2,4,12 bottles,David
925,d7dw2j-007,1,2,5,3 bottles,David
926,d7dw2j-007,1,2,6,3 bottles,David
927,d7dw2j-007,1,2,7,2 bottles,David
928,d7dw2j-007,1,2,8,34.45,David
929,d7dw2j-007,1,2,9,34.45,David
930,d7dw2j-007,1,2,10,45.50,David
931,d7dw2j-007,1,2,11,45.50,David
932,d7dw2j-007,1,2,12,61.60,David
933,d7dw2j-007,1,2,13,78.10,David
934,d7dw2j-007,1,2,14,66.05,David
935,d7dw2j-007,1,2,15,91.10,David
936,d7dw2j-007,1,2,16,40.93,David
937,d7dw2j-007,1,2,17,61.75,David
938,d7dw2j-007,1,2,18,62.53,David
939,d7dw2j-007,1,2,19,71.18,David
940,d7dw2j-007,1,2,20,2 bottles,David
941,d7dw2j-007,1,2,21,59.50,David
942,d7dw2j-007,1,2,22,52.63,David
943,d7dw2j-007,1,2,23,80.95,David
944,d7dw2j-007,2,3,1,8.95,David
945,d7dw2j-007,2,3,2,12.95,David
946,d7dw2j-007,2,3,3,2.90,David
947,d7dw2j-007,2,3,4,3.19,David
948,d7dw2j-007,2,3,5,3.99,David
949,d7dw2j-007,2,3,6,3.99,David
950,d7dw2j-007,2,3,7,3.99,David
951,d7dw2j-007,2,3,8,6.95,David
952,d7dw2j-007,2,3,9,7.99,David
953,d7dw2j-007,2,3,10,10.50,David
954,d7dw2j-007,2,3,11,8.99,David
955,d7dw2j-007,2,3,12,7.79,David
956,d7dw2j-007,2,3,13,7.99,David
957,d7dw2j-007,2,3,14,9.20,David
958,d7dw2j-007,2,3,15,9.20,David
959,d7dw2j-007,2,3,16,9.99,David
960,d7dw2j-007,2,3,17,12.98,David
961,d7dw2j-007,2,3,18,3.99,David
962,d7dw2j-007,2,3,19,4.49,David
963,d7dw2j-007,2,3,20,5.29,David
964,d7dw2j-007,2,3,21,6.99,David
965,d7dw2j-007,2,4,1,6 bottles,David
966,d7dw2j-007,2,4,2,6 bottles,David
967,d7dw2j-007,2,4,3,31.75,David
968,d7dw2j-007,2,4,4,34.75,David
969,d7dw2j-007,2,4,5,43.75,David
970,d7dw2j-007,2,4,6,43.75,David
971,d7dw2j-007,2,4,7,43.75,David
972,d7dw2j-007,2,4,8,79.25,David
973,d7dw2j-007,2,4,9,3 bottles,David
974,d7dw2j-007,2,4,10,3 bottles,David
975,d7dw2j-007,2,4,11,6 bottles,David
976,d7dw2j-007,2,4,12,6 bottles,David
977,d7dw2j-007,2,4,13,6 bottles,David
978,d7dw2j-007,2,4,14,2 bottles,David
979,d7dw2j-007,2,4,15,2 bottles,David
980,d7dw2j-007,2,4,16,2 bottles,David
981,d7dw2j-007,2,4,17,2 bottles,David
982,d7dw2j-007,2,4,18,43.10,David
983,d7dw2j-007,2,4,19,48.50,David
984,d7dw2j-007,2,4,20,57.50,David
985,d7dw2j-007,2,4,21,6 bottles,David
986,d7dw2j-007,3,5,1,3.65,David
987,d7dw2j-007,3,5,2,4.59,David
988,d7dw2j-007,3,5,3,4.99,David
989,d7dw2j-007,3,5,4,3.99,David
990,d7dw2j-007,3,5,5,4.15,David
991,d7dw2j-007,3,5,6,4.59,David
992,d7dw2j-007,3,5,7,3.65,David
993,d7dw2j-007,3,5,8,3.65,David
994,d7dw2j-007,3,5,9,3.65,David
995,d7dw2j-007,3,5,10,3.65,David
996,d7dw2j-007,3,5,11,2.99,David
997,d7dw2j-007,3,5,12,3.99,David
998,d7dw2j-007,3,5,13,3.99,David
999,d7dw2j-007,3,5,14,4.99,David
1000,d7dw2j-007,3,5,15,2.99,David
1001,d7dw2j-007,3,5,16,2.99,David
1002,d7dw2j-007,3,5,17,3.99,David
1003,d7dw2j-007,3,6,1,39.42,David
1004,d7dw2j-007,3,6,2,49.75,David
1005,d7dw2j-007,3,6,3,53.89,David
1006,d7dw2j-007,3,6,4,43.25,David
1007,d7dw2j-007,3,6,5,44.82,David
1008,d7dw2j-007,3,6,6,49.75,David
1009,d7dw2j-007,3,6,7,39.42,David
1010,d7dw2j-007,3,6,8,39.42,David
1011,d7dw2j-007,3,6,9,39.42,David
1012,d7dw2j-007,3,6,10,39.42,David
1013,d7dw2j-007,3,6,11,34.10,David
1014,d7dw2j-007,3,6,12,45.50,David
1015,d7dw2j-007,3,6,13,45.50,David
1016,d7dw2j-007,3,6,14,56.90,David
1017,d7dw2j-007,3,6,15,34.10,David
1018,d7dw2j-007,3,6,16,34.10,David
1019,d7dw2j-007,3,6,17,45.50,David
1020,d7301d-004,1,1,1,2.99,David
1021,d7301d-004,1,1,2,3.99,David
1022,d7301d-004,1,1,3,16.95,David
1023,d7301d-004,1,1,4,25.95,David
1024,d7301d-004,1,1,5,26.50,David
1025,d7301d-004,1,1,6,29.95,David
1026,d7301d-004,1,1,7,2.99,David
1027,d7301d-004,1,1,8,4.99,David
1028,d7301d-004,1,1,9,5.79,David
1029,d7301d-004,1,1,10,5.79,David
1030,d7301d-004,1,1,11,5.99,David
1031,d7301d-004,1,1,12,5.99,David
1032,d7301d-004,1,1,13,6.49,David
1033,d7301d-004,1,1,14,7.99,David
1034,d7301d-004,1,1,15,19.50,David
1035,d7301d-004,1,1,16,24.90,David
1036,d7301d-004,1,1,17,28.95,David
1037,d7301d-004,1,1,18,32.85,David
1038,d7301d-004,1,1,19,3.99,David
1039,d7301d-004,1,1,20,7.89,David
1040,d7301d-004,1,1,21,31.95,David
1041,d7301d-004,1,1,22,47.50,David
1042,d7301d-004,1,1,23,78.50,David
1043,d7301d-004,1,1,24,4.49,David
1044,d7301d-004,1,1,25,5.99,David
1045,d7301d-004,1,1,26,8.75,David
1046,d7301d-004,1,1,27,17.95,David
1047,d7301d-004,1,1,28,23.65,David
1048,d7301d-004,1,1,29,26.50,David
1049,d7301d-004,1,2,1,35.75,David
1050,d7301d-004,1,2,2,45.50,David
1051,d7301d-004,1,2,3,183.06,David
1052,d7301d-004,1,2,4,280.26,David
1053,d7301d-004,1,2,5,286.20,David
1054,d7301d-004,1,2,6,323.46,David
1055,d7301d-004,1,2,7,34.10,David
1056,d7301d-004,1,2,8,56.90,David
1057,d7301d-004,1,2,9,66.05,David
1058,d7301d-004,1,2,10,66.05,David
1059,d7301d-004,1,2,11,68.30,David
1060,d7301d-004,1,2,12,68.30,David
1061,d7301d-004,1,2,13,74.00,David
1062,d7301d-004,1,2,14,91.10,David
1063,d7301d-004,1,2,15,210.60,David
1064,d7301d-004,1,2,16,268.92,David
1065,d7301d-004,1,2,17,312.66,David
1066,d7301d-004,1,2,18,354.78,David
1067,d7301d-004,1,2,19,45.50,David
1068,d7301d-004,1,2,20,89.95,David
1069,d7301d-004,1,2,21,364.25,David
1070,d7301d-004,1,2,22,541.50,David
1071,d7301d-004,1,2,23,895.00,David
1072,d7301d-004,1,2,24,51.20,David
1073,d7301d-004,1,2,25,68.30,David
1074,d7301d-004,1,2,26,99.75,David
1075,d7301d-004,1,2,27,193.85,David
1076,d7301d-004,1,2,28,255.40,David
1077,d7301d-004,1,2,29,286.20,David
1078,d7301d-004,2,3,1,2.99,David
1079,d7301d-004,2,3,2,3.49,David
1080,d7301d-004,2,3,3,3.99,David
1081,d7301d-004,2,3,4,1.99,David
1082,d7301d-004,2,3,5,2.29,David
1083,d7301d-004,2,3,6,3.49,David
1084,d7301d-004,2,3,7,3.99,David
1085,d7301d-004,2,3,8,1.99,David
1086,d7301d-004,2,3,9,1.99,David
1087,d7301d-004,2,3,10,2.59,David
1088,d7301d-004,2,3,11,2.99,David
1089,d7301d-004,2,3,12,3.19,David
1090,d7301d-004,2,3,13,3.29,David
1091,d7301d-004,2,3,14,22.95,David
1092,d7301d-004,2,3,15,2.59,David
1093,d7301d-004,2,3,16,2.79,David
1094,d7301d-004,2,3,17,2.99,David
1095,d7301d-004,2,3,18,4.99,David
1096,d7301d-004,2,4,1,34.10,David
1097,d7301d-004,2,4,2,39.95,David
1098,d7301d-004,2,4,3,45.50,David
1099,d7301d-004,2,4,4,23.50,David
1100,d7301d-004,2,4,5,26.50,David
1101,d7301d-004,2,4,6,39.80,David
1102,d7301d-004,2,4,7,45.50,David
1103,d7301d-004,2,4,8,23.50,David
1104,d7301d-004,2,4,9,23.50,David
1105,d7301d-004,2,4,10,29.95,David
1106,d7301d-004,2,4,11,34.10,David
1107,d7301d-004,2,4,12,34.68,David
1108,d7301d-004,2,4,13,37.55,David
1109,d7301d-004,2,4,14,247.90,David
1110,d7301d-004,2,4,15,29.55,David
1111,d7301d-004,2,4,16,31.85,David
1112,d7301d-004,2,4,17,33.50,David
1113,d7301d-004,2,4,18,56.90,David
1114,d7301d-004,3,5,1,8.95,David
1115,d7301d-004,3,5,2,15.99,David
1116,d7301d-004,3,5,3,2.49,David
1117,d7301d-004,3,5,4,3.99,David
1118,d7301d-004,3,5,5,3.99,David
1119,d7301d-004,3,5,6,9.95,David
1120,d7301d-004,3,5,7,4.89,David
1121,d7301d-004,3,5,8,3.99,David
1122,d7301d-004,3,5,9,4.52,David
1123,d7301d-004,3,5,10,4.99,David
1124,d7301d-004,3,5,11,4.99,David
1125,d7301d-004,3,5,12,5.09,David
1126,d7301d-004,3,5,13,6.60,David
1127,d7301d-004,3,5,14,6.77,David
1128,d7301d-004,3,5,15,7.25,David
1129,d7301d-004,3,5,16,7.44,David
1130,d7301d-004,3,5,17,7.44,David
1131,d7301d-004,3,5,18,21.51,David
1132,d7301d-004,3,5,19,21.51,David
1133,d7301d-004,3,5,20,23.76,David
1134,d7301d-004,3,5,21,15.96,David
1135,d7301d-004,3,5,22,18.96,David
1136,d7301d-004,3,6,1,96.66,David
1137,d7301d-004,3,6,2,172.70,David
1138,d7301d-004,3,6,3,28.40,David
1139,d7301d-004,3,6,4,45.50,David
1140,d7301d-004,3,6,5,45.50,David
1141,d7301d-004,3,6,6,107.00,David
1142,d7301d-004,3,6,7,52.82,David
1143,d7301d-004,3,6,8,47.77,David
1144,d7301d-004,3,6,9,54.13,David
1145,d7301d-004,3,6,10,59.77,David
1146,d7301d-004,3,6,11,59.77,David
1147,d7301d-004,3,6,12,60.97,David
1148,d7301d-004,3,6,13,79.09,David
1149,d7301d-004,3,6,14,81.13,David
1150,d7301d-004,3,6,15,86.89,David
1151,d7301d-004,3,6,16,89.17,David
1152,d7301d-004,3,6,17,89.17,David
1153,d7301d-004,3,6,18,258.01,David
1154,d7301d-004,3,6,19,258.01,David
1155,d7301d-004,3,6,20,270.76,David
1156,d7301d-004,3,6,21,191.41,David
1157,d7301d-004,3,6,22,216.01,David
1158,d7301d-004,4,7,1,5.99,David
1159,d7301d-004,4,7,2,6.99,David
1160,d7301d-004,4,7,3,7.99,David
1161,d7301d-004,4,7,4,8.99,David
1162,d7rg61-024,1,1,1,42.95,Jane
1163,d7rg61-024,1,1,2,42.95,Jane
1164,d7rg61-024,1,1,3,54.50,Jane
1165,d7rg61-024,1,1,4,86.95,Jane
1166,d7rg61-024,1,1,5,125.00,Jane
1167,d7rg61-024,1,1,6,135.00,Jane
1168,d7rg61-024,1,2,1,46.75,Jane
1169,d7rg61-024,1,2,2,46.75,Jane
1170,d7rg61-024,1,2,3,58.50,Jane
1171,d7rg61-024,1,2,4,98.50,Jane
1172,d7rg61-024,1,2,5,145.00,Jane
1173,d7rg61-024,1,2,6,155.00,Jane
1174,d7rg61-024,1,3,1,3.80,Jane
1175,d7rg61-024,1,3,2,3.80,Jane
1176,d7rg61-024,1,3,3,4.00,Jane
1177,d7rg61-024,1,3,4,11.55,Jane
1178,d7rg61-024,1,3,5,20.00,Jane
1179,d7rg61-024,1,3,6,20.00,Jane
1180,d7rg61-024,2,4,1, 3.99,Jane
1181,d7rg61-024,2,4,2, 3.99,Jane
1182,d7rg61-024,2,4,3,--,Jane
1183,d7rg61-024,2,4,4, 5.32,Jane
1184,d7rg61-024,2,4,5, 5.33,Jane
1185,d7rg61-024,2,4,6, 5.86,Jane
1186,d7rg61-024,2,4,7, 7.24,Jane
1187,d7rg61-024,2,4,8, 8.25,Jane
1188,d7rg61-024,2,4,9, 8.29,Jane
1189,d7rg61-024,2,4,10, 8.49,Jane
1190,d7rg61-024,2,4,11, 8.57,Jane
1191,d7rg61-024,2,4,12, 9.99,Jane
1192,d7rg61-024,2,4,13,12.69,Jane
1193,d7rg61-024,2,4,14,18.95,Jane
1194,d7rg61-024,2,5,1, 47.88,Jane
1195,d7rg61-024,2,5,2, 47.88,Jane
1196,d7rg61-024,2,5,3,--,Jane
1197,d7rg61-024,2,5,4, 63.84,Jane
1198,d7rg61-024,2,5,5, 63.96,Jane
1199,d7rg61-024,2,5,6, 70.32,Jane
1200,d7rg61-024,2,5,7, 86.88,Jane
1201,d7rg61-024,2,5,8, 99.00,Jane
1202,d7rg61-024,2,5,9, 99.48,Jane
1203,d7rg61-024,2,5,10,101.88,Jane
1204,d7rg61-024,2,5,11,102.84,Jane
1205,d7rg61-024,2,5,12,119.88,Jane
1206,d7rg61-024,2,5,13,152.28,Jane
1207,d7rg61-024,2,5,14,227.40,Jane
1208,d7rg61-024,2,6,1, 4.95,Jane
1209,d7rg61-024,2,6,2, 4.95,Jane
1210,d7rg61-024,2,6,3, 5.79,Jane
1211,d7rg61-024,2,6,4, 6.57,Jane
1212,d7rg61-024,2,6,5, 6.36,Jane
1213,d7rg61-024,2,6,6, 6.62,Jane
1214,d7rg61-024,2,6,7, 8.92,Jane
1215,d7rg61-024,2,6,8, 9.99,Jane
1216,d7rg61-024,2,6,9, 9.99,Jane
1217,d7rg61-024,2,6,10, 9.99,Jane
1218,d7rg61-024,2,6,11,10.47,Jane
1219,d7rg61-024,2,6,12,11.99,Jane
1220,d7rg61-024,2,6,13,--,Jane
1221,d7rg61-024,2,6,14,--,Jane
1222,d7rg61-024,2,7,1, 59.40,Jane
1223,d7rg61-024,2,7,2, 59.40,Jane
1224,d7rg61-024,2,7,3, 66.95,Jane
1225,d7rg61-024,2,7,4, 78.84,Jane
1226,d7rg61-024,2,7,5, 76.32,Jane
1227,d7rg61-024,2,7,6, 79.44,Jane
1228,d7rg61-024,2,7,7,107.04,Jane
1229,d7rg61-024,2,7,8,119.88,Jane
1230,d7rg61-024,2,7,9,119.88,Jane
1231,d7rg61-024,2,7,10,119.88,Jane
1232,d7rg61-024,2,7,11,125.64,Jane
1233,d7rg61-024,2,7,12,143.88,Jane
1234,d7rg61-024,2,7,13,--,Jane
1235,d7rg61-024,2,7,14,--,Jane
1236,d7hp45-007,1,1,1,1.49,Yanxi
1237,d7hp45-007,1,1,2,0.84,Yanxi
1238,d7hp45-007,1,1,3,1.59,Yanxi
1239,d7hp45-007,1,1,4,1.65,Yanxi
1240,d7hp45-007,1,1,5,0.98,Yanxi
1241,d7hp45-007,1,1,6,1.89,Yanxi
1242,d7hp45-007,1,1,7,2.15,Yanxi
1243,d7hp45-007,1,1,8,2.79,Yanxi
1244,d7hp45-007,1,2,1,16.50,Yanxi
1245,d7hp45-007,1,2,2,18.15,Yanxi
1246,d7hp45-007,1,2,3,18.00,Yanxi
1247,d7hp45-007,1,2,4,18.25,Yanxi
1248,d7hp45-007,1,2,5,21.25,Yanxi
1249,d7hp45-007,1,2,6,20.95,Yanxi
1250,d7hp45-007,1,2,7,23.70,Yanxi
1251,d7hp45-007,1,2,8,31.26,Yanxi
1252,d7hp45-007,2,3,1,2.19,Yanxi
1253,d7hp45-007,2,3,2,4.25,Yanxi
1254,d7hp45-007,2,3,3,2.25,Yanxi
1255,d7hp45-007,2,3,4,3.05,Yanxi
1256,d7hp45-007,2,3,5,3.75,Yanxi
1257,d7hp45-007,2,3,6,2.50,Yanxi
1258,d7hp45-007,2,3,7,1.98,Yanxi
1259,d7hp45-007,2,3,8,3.50,Yanxi
1260,d7hp45-007,2,3,9,2.75,Yanxi
1261,d7hp45-007,2,3,10,2.44,Yanxi
1262,d7hp45-007,2,3,11,2.44,Yanxi
1263,d7hp45-007,2,3,12,2.49,Yanxi
1264,d7hp45-007,2,3,13,2.68,Yanxi
1265,d7hp45-007,2,3,14,2.85,Yanxi
1266,d7hp45-007,2,3,15,2.49,Yanxi
1267,d7hp45-007,2,3,16,2.74,Yanxi
1268,d7hp45-007,2,3,17,4.72,Yanxi
1269,d7hp45-007,2,3,18,4.72,Yanxi
1270,d7hp45-007,2,3,19,5.84,Yanxi
1271,d7hp45-007,2,4,1,24.18,Yanxi
1272,d7hp45-007,2,4,2,47.50,Yanxi
1273,d7hp45-007,2,4,3,26.00,Yanxi
1274,d7hp45-007,2,4,4,33.50,Yanxi
1275,d7hp45-007,2,4,5,42.50,Yanxi
1276,d7hp45-007,2,4,6,30.00,Yanxi
1277,d7hp45-007,2,4,7,23.50,Yanxi
1278,d7hp45-007,2,4,8,37.00,Yanxi
1279,d7hp45-007,2,4,9,30.00,Yanxi
1280,d7hp45-007,2,4,10,26.48,Yanxi
1281,d7hp45-007,2,4,11,26.48,Yanxi
1282,d7hp45-007,2,4,12,27.50,Yanxi
1283,d7hp45-007,2,4,13,28.95,Yanxi
1284,d7hp45-007,2,4,14,30.78,Yanxi
1285,d7hp45-007,2,4,15,27.50,Yanxi
1286,d7hp45-007,2,4,16,30.00,Yanxi
1287,d7hp45-007,2,4,17,53.81,Yanxi
1288,d7hp45-007,2,4,18,53.81,Yanxi
1289,d7hp45-007,2,4,19,63.07,Yanxi
1290,d7hp45-007,3,5,1,2.19,Yanxi
1291,d7hp45-007,3,5,2,2.49,Yanxi
1292,d7hp45-007,3,5,3,2.69,Yanxi
1293,d7hp45-007,3,5,4,2.79,Yanxi
1294,d7hp45-007,3,5,5,3.19,Yanxi
1295,d7hp45-007,3,5,6,3.40,Yanxi
1296,d7hp45-007,3,5,7,3.85,Yanxi
1297,d7hp45-007,3,5,8,3.95,Yanxi
1298,d7hp45-007,3,5,9,4.90,Yanxi
1299,d7hp45-007,3,5,10,5.40,Yanxi
1300,d7hp45-007,3,6,1,23.90,Yanxi
1301,d7hp45-007,3,6,2,27.50,Yanxi
1302,d7hp45-007,3,6,3,29.75,Yanxi
1303,d7hp45-007,3,6,4,32.00,Yanxi
1304,d7hp45-007,3,6,5,35.00,Yanxi
1305,d7hp45-007,3,6,6,37.50,Yanxi
1306,d7hp45-007,3,6,7,42.50,Yanxi
1307,d7hp45-007,3,6,8,44.00,Yanxi
1308,d7hp45-007,3,6,9,54.00,Yanxi
1309,d7hp45-007,3,6,10,59.50,Yanxi
1310,d7p883-009,1,1,1,1.29,Jane
1311,d7p883-009,1,1,2,1.29,Jane
1312,d7p883-009,1,1,3,1.49,Jane
1313,d7p883-009,1,1,4,1.81,Jane
1314,d7p883-009,1,1,5,1.95,Jane
1315,d7p883-009,1,1,6,2.24,Jane
1316,d7p883-009,1,1,7,2.42,Jane
1317,d7p883-009,1,1,8,2.49,Jane
1318,d7p883-009,1,1,9,2.55,Jane
1319,d7p883-009,1,1,10,2.60,Jane
1320,d7p883-009,1,1,11,2.78,Jane
1321,d7p883-009,1,1,12,2.91,Jane
1322,d7p883-009,1,1,13,2.99,Jane
1323,d7p883-009,1,1,14,3.22,Jane
1324,d7p883-009,1,1,15,3.23,Jane
1325,d7p883-009,1,1,16,3.40,Jane
1326,d7p883-009,1,1,17,3.49,Jane
1327,d7p883-009,1,1,18,3.69,Jane
1328,d7p883-009,1,1,19,3.98,Jane
1329,d7p883-009,1,1,20,4.10,Jane
1330,d7p883-009,1,1,21,4.49,Jane
1331,d7p883-009,1,1,22,4.62,Jane
1332,d7p883-009,1,1,23,4.85,Jane
1333,d7p883-009,1,1,24,5.45,Jane
1334,d7p883-009,1,1,25,5.94,Jane
1335,d7p883-009,1,1,26,6.25,Jane
1336,d7p883-009,1,1,27,1.36,Jane
1337,d7p883-009,1,1,28,1.98,Jane
1338,d7p883-009,1,1,29,3.39,Jane
1339,d7p883-009,1,1,30,4.10,Jane
1340,d7p883-009,1,1,31,3.25,Jane
1341,d7p883-009,1,1,32,4.90,Jane
1342,d7p883-009,1,1,33,3.50,Jane
1343,d7p883-009,1,1,34,5.22,Jane
1344,d7p883-009,1,2,1,13.93,Jane
1345,d7p883-009,1,2,2,13.93,Jane
1346,d7p883-009,1,2,3,16.09,Jane
1347,d7p883-009,1,2,4,20.63,Jane
1348,d7p883-009,1,2,5,21.06,Jane
1349,d7p883-009,1,2,6,24.00,Jane
1350,d7p883-009,1,2,7,26.14,Jane
1351,d7p883-009,1,2,8,27.50,Jane
1352,d7p883-009,1,2,9,29.07,Jane
1353,d7p883-009,1,2,10,28.08,Jane
1354,d7p883-009,1,2,11,31.69,Jane
1355,d7p883-009,1,2,12,32.01,Jane
1356,d7p883-009,1,2,13,34.09,Jane
1357,d7p883-009,1,2,14,34.78,Jane
1358,d7p883-009,1,2,15,34.90,Jane
1359,d7p883-009,1,2,16,36.72,Jane
1360,d7p883-009,1,2,17,37.50,Jane
1361,d7p883-009,1,2,18,44.28,Jane
1362,d7p883-009,1,2,19,43.00,Jane
1363,d7p883-009,1,2,20,44.28,Jane
1364,d7p883-009,1,2,21,48.60,Jane
1365,d7p883-009,1,2,22,49.90,Jane
1366,d7p883-009,1,2,23,55.29,Jane
1367,d7p883-009,1,2,24,58.86,Jane
1368,d7p883-009,1,2,25,64.15,Jane
1369,d7p883-009,1,2,26,67.50,Jane
1370,d7p883-009,1,2,27,15.50,Jane
1371,d7p883-009,1,2,28,21.75,Jane
1372,d7p883-009,1,2,29,36.72,Jane
1373,d7p883-009,1,2,30,44.28,Jane
1374,d7p883-009,1,2,31,35.10,Jane
1375,d7p883-009,1,2,32,54.44,Jane
1376,d7p883-009,1,2,33,37.80,Jane
1377,d7p883-009,1,2,34,59.52,Jane
1378,d7p883-009,2,3,1,4.59,Jane
1379,d7p883-009,2,3,2,5.92,Jane
1380,d7p883-009,2,3,3,6.25,Jane
1381,d7p883-009,2,3,4,6.41,Jane
1382,d7p883-009,2,3,5,6.45,Jane
1383,d7p883-009,2,3,6,6.62,Jane
1384,d7p883-009,2,3,7,6.57,Jane
1385,d7p883-009,2,3,8,6.99,Jane
1386,d7p883-009,2,3,9,7.14,Jane
1387,d7p883-009,2,3,10,7.34,Jane
1388,d7p883-009,2,3,11,7.87,Jane
1389,d7p883-009,2,3,12,7.95,Jane
1390,d7p883-009,2,3,13,8.87,Jane
1391,d7p883-009,2,3,14,9.75,Jane
1392,d7p883-009,2,3,15,10.32,Jane
1393,d7p883-009,2,3,16,10.66,Jane
1394,d7p883-009,2,3,17,11.26,Jane
1395,d7p883-009,2,3,18,11.75,Jane
1396,d7p883-009,2,3,19,12.09,Jane
1397,d7p883-009,2,3,20,14.70,Jane
1398,d7p883-009,2,3,21,20.70,Jane
1399,d7p883-009,2,3,22,4.59,Jane
1400,d7p883-009,2,3,23,5.59,Jane
1401,d7p883-009,2,3,24,7.37,Jane
1402,d7p883-009,2,3,25,7.68,Jane
1403,d7p883-009,2,3,26,15.00,Jane
1404,d7p883-009,2,3,27,5.79,Jane
1405,d7p883-009,2,3,28,5.95,Jane
1406,d7p883-009,2,3,29,5.98,Jane
1407,d7p883-009,2,3,30,6.98,Jane
1408,d7p883-009,2,3,31,8.00,Jane
1409,d7p883-009,2,3,32,11.00,Jane
1410,d7p883-009,2,3,33,12.42,Jane
1411,d7p883-009,2,4,1,52.33,Jane
1412,d7p883-009,2,4,2,70.00,Jane
1413,d7p883-009,2,4,3,71.25,Jane
1414,d7p883-009,2,4,4,73.07,Jane
1415,d7p883-009,2,4,5,74.70,Jane
1416,d7p883-009,2,4,6,72.82,Jane
1417,d7p883-009,2,4,7,74.94,Jane
1418,d7p883-009,2,4,8,79.70,Jane
1419,d7p883-009,2,4,9,81.40,Jane
1420,d7p883-009,2,4,10,—_—,Jane
1421,d7p883-009,2,4,11,86.57,Jane
1422,d7p883-009,2,4,12,85.86,Jane
1423,d7p883-009,2,4,13,101.17,Jane
1424,d7p883-009,2,4,14,111.15,Jane
1425,d7p883-009,2,4,15,117.65,Jane
1426,d7p883-009,2,4,16,121.56,Jane
1427,d7p883-009,2,4,17,123.82,Jane
1428,d7p883-009,2,4,18,132.00,Jane
1429,d7p883-009,2,4,19,137.83,Jane
1430,d7p883-009,2,4,20,176.40,Jane
1431,d7p883-009,2,4,21,235.98,Jane
1432,d7p883-009,2,4,22,52.33,Jane
1433,d7p883-009,2,4,23,63.73,Jane
1434,d7p883-009,2,4,24,81.07,Jane
1435,d7p883-009,2,4,25,87.55,Jane
1436,d7p883-009,2,4,26,170.00,Jane
1437,d7p883-009,2,4,27,65.99,Jane
1438,d7p883-009,2,4,28,64.40,Jane
1439,d7p883-009,2,4,29,64.58,Jane
1440,d7p883-009,2,4,30,75.75,Jane
1441,d7p883-009,2,4,31,—,Jane
1442,d7p883-009,2,4,32,139.00,Jane
1443,d7p883-009,2,4,33,141.59,Jane
1444,d7p883-009,3,5,1,1.10,Jane
1445,d7p883-009,3,5,2,1.15,Jane
1446,d7p883-009,3,5,3,1.19,Jane
1447,d7p883-009,3,5,4,1.19,Jane
1448,d7p883-009,3,5,5,1.25,Jane
1449,d7p883-009,3,5,6,1.29,Jane
1450,d7p883-009,3,5,7,1.15,Jane
1451,d7p883-009,3,5,8,1.19,Jane
1452,d7p883-009,3,5,9,1.24,Jane
1453,d7p883-009,3,5,10,1.36,Jane
1454,d7p883-009,3,5,11,2.15,Jane
1455,d7p883-009,3,5,12,2.49,Jane
1456,d7p883-009,3,5,13,2.66,Jane
1457,d7p883-009,3,5,14,2.91,Jane
1458,d7p883-009,4,6,1,1.38,Jane
1459,d7p883-009,4,6,2,2.25,Jane
1460,d7p883-009,4,6,3,2.26,Jane
1461,d7p883-009,4,6,4,2.29,Jane
1462,d7p883-009,4,6,5,2.41,Jane
1463,d7p883-009,4,6,6,2.79,Jane
1464,d7p883-009,4,6,7,1.26,Jane
1465,d7p883-009,4,6,8,1.89,Jane
1466,d7p883-009,4,6,9,1.99,Jane
1467,d7p883-009,4,6,10,2.49,Jane
1468,d7p883-009,4,6,11,2.79,Jane
1469,d7p883-009,4,6,12,2.80,Jane
1470,d7wg68-001,1,1,1,1.69,Hangshi
1471,d7wg68-001,1,1,2,1.89,Hangshi
1472,d7wg68-001,1,1,3,2.49,Hangshi
1473,d7wg68-001,1,1,4,2.69,Hangshi
1474,d7wg68-001,1,1,5,2.99,Hangshi
1475,d7wg68-001,1,1,6,2.99,Hangshi
1476,d7wg68-001,1,1,7,1.99,Hangshi
1477,d7wg68-001,1,1,8,2.64,Hangshi
1478,d7wg68-001,1,1,9,2.79,Hangshi
1479,d7wg68-001,1,1,10,3.19,Hangshi
1480,d7wg68-001,1,1,11,3.99,Hangshi
1481,d7wg68-001,1,1,12,1.89,Hangshi
1482,d7wg68-001,1,1,13,1.99,Hangshi
1483,d7wg68-001,1,1,14,2.19,Hangshi
1484,d7wg68-001,1,1,15,2.39,Hangshi
1485,d7wg68-001,1,1,16,2.89,Hangshi
1486,d7wg68-001,1,1,17,3.34,Hangshi
1487,d7wg68-001,1,1,18,3.34,Hangshi
1488,d7wg68-001,1,1,19,3.34,Hangshi
1489,d7wg68-001,1,1,20,3.49,Hangshi
1490,d7wg68-001,1,1,21,1.99,Hangshi
1491,d7wg68-001,1,1,22,2.59,Hangshi
1492,d7wg68-001,1,1,23,2.79,Hangshi
1493,d7wg68-001,1,1,24,2.79,Hangshi
1494,d7wg68-001,1,1,25,2.99,Hangshi
1495,d7wg68-001,1,1,26,4.39,Hangshi
1496,d7wg68-001,1,1,27,4.55,Hangshi
1497,d7wg68-001,1,1,28,8.33,Hangshi
1498,d7wg68-001,1,2,1,18.95,Hangshi
1499,d7wg68-001,1,2,2,21.50,Hangshi
1500,d7wg68-001,1,2,3,28.50,Hangshi
1501,d7wg68-001,1,2,4,30.75,Hangshi
1502,d7wg68-001,1,2,5,32.40,Hangshi
1503,d7wg68-001,1,2,6,34.75,Hangshi
1504,d7wg68-001,1,2,7,22.65,Hangshi
1505,d7wg68-001,1,2,8,27.50,Hangshi
1506,d7wg68-001,1,2,9,31.75,Hangshi
1507,d7wg68-001,1,2,10,36.50,Hangshi
1508,d7wg68-001,1,2,11,43.50,Hangshi
1509,d7wg68-001,1,2,12,21.50,Hangshi
1510,d7wg68-001,1,2,13,22.65,Hangshi
1511,d7wg68-001,1,2,14,24.75,Hangshi
1512,d7wg68-001,1,2,15,26.75,Hangshi
1513,d7wg68-001,1,2,16,33.75,Hangshi
1514,d7wg68-001,1,2,17,37.29,Hangshi
1515,d7wg68-001,1,2,18,37.29,Hangshi
1516,d7wg68-001,1,2,19,37.29,Hangshi
1517,d7wg68-001,1,2,20,39.75,Hangshi
1518,d7wg68-001,1,2,21,22.65,Hangshi
1519,d7wg68-001,1,2,22,29.53,Hangshi
1520,d7wg68-001,1,2,23,31.81,Hangshi
1521,d7wg68-001,1,2,24,31.81,Hangshi
1522,d7wg68-001,1,2,25,34.75,Hangshi
1523,d7wg68-001,1,2,26,25.60,Hangshi
1524,d7wg68-001,1,2,27,51.87,Hangshi
1525,d7wg68-001,1,2,28,94.96,Hangshi
1526,d7m59t-006,1,1,1,5.49,Yanxi
1527,d7m59t-006,1,1,2,5.49,Yanxi
1528,d7m59t-006,1,1,3,5.50,Yanxi
1529,d7m59t-006,1,1,4,10.19,Yanxi
1530,d7m59t-006,1,1,5,8.84,Yanxi
1531,d7m59t-006,1,1,6,9.95,Yanxi
1532,d7m59t-006,1,1,7,5.95,Yanxi
1533,d7m59t-006,1,1,8,5.95,Yanxi
1534,d7m59t-006,1,1,9,8.25,Yanxi
1535,d7m59t-006,1,1,10,11.84,Yanxi
1536,d7m59t-006,1,1,11,12.56,Yanxi
1537,d7m59t-006,1,1,12,13.05,Yanxi
1538,d7m59t-006,1,1,13,13.23,Yanxi
1539,d7m59t-006,1,1,14,13.98,Yanxi
1540,d7m59t-006,1,1,15,15.10,Yanxi
1541,d7m59t-006,1,1,16,16.29,Yanxi
1542,d7m59t-006,1,1,17,16.35,Yanxi
1543,d7m59t-006,1,1,18,23.80,Yanxi
1544,d7m59t-006,1,1,19,31.45,Yanxi
1545,d7m59t-006,1,1,20,32.52,Yanxi
1546,d7m59t-006,1,1,21,49.66,Yanxi
1547,d7m59t-006,1,1,22,60.30,Yanxi
1548,d7259v-006,1,1,1,1.99,Yanxi
1549,d7259v-006,1,1,3,1.99,Yanxi
1550,d7259v-006,1,1,4,2.19,Yanxi
1551,d7259v-006,1,1,5,2.99,Yanxi
1552,d7259v-006,1,1,6,3.49,Yanxi
1553,d7259v-006,1,1,7,3.99,Yanxi
1554,d7259v-006,1,1,8,4.99,Yanxi
1555,d7259v-006,1,1,9,5.49,Yanxi
1556,d7259v-006,1,1,10,5.49,Yanxi
1557,d7259v-006,1,2,1,22.65,Yanxi
1558,d7259v-006,1,2,2,22.65,Yanxi
1559,d7259v-006,1,2,3,24.50,Yanxi
1560,d7259v-006,1,2,4,34.75,Yanxi
1561,d7259v-006,1,2,5,34.75,Yanxi
1562,d7259v-006,1,2,6,39.75,Yanxi
1563,d7259v-006,1,2,7,46.75,Yanxi
1564,d7259v-006,1,2,8,57.50,Yanxi
1565,d7259v-006,1,2,9,62.50,Yanxi
1566,d7259v-006,1,2,10,73.50,Yanxi
1567,d7259v-012,1,1,1,.74,Yanxi
1568,d7259v-012,1,1,2,.95,Yanxi
1569,d7259v-012,1,1,3,.99,Yanxi
1570,d7259v-012,1,1,4,.99,Yanxi
1571,d7259v-012,1,1,5,1.09,Yanxi
1572,d7259v-012,1,1,6,1.09,Yanxi
1573,d7259v-012,1,1,7,1.35,Yanxi
1574,d7259v-012,1,1,8,1.55,Yanxi
1575,d7259v-012,1,1,9,1.85,Yanxi
1576,d7259v-012,1,1,10,2.09,Yanxi
1577,d7259v-012,1,1,11,2.75,Yanxi
1578,d7259v-012,1,1,12,3.35,Yanxi
1579,d7259v-012,1,1,13,.89,Yanxi
1580,d7259v-012,1,1,14,1.09,Yanxi
1581,d7259v-012,1,1,15,1.19,Yanxi
1582,d7259v-012,1,1,16,1.85,Yanxi
1583,d7259v-012,1,1,17,2.35,Yanxi
1584,d7259v-012,1,1,18,.84,Yanxi
1585,d7259v-012,1,1,19,.84,Yanxi
1586,d7259v-012,1,2,1,16.50,Yanxi
1587,d7259v-012,1,2,2,20.50,Yanxi
1588,d7259v-012,1,2,3,21.95,Yanxi
1589,d7259v-012,1,2,4,21.95,Yanxi
1590,d7259v-012,1,2,5,24.65,Yanxi
1591,d7259v-012,1,2,6,24.65,Yanxi
1592,d7259v-012,1,2,7,29.95,Yanxi
1593,d7259v-012,1,2,8,36.50,Yanxi
1594,d7259v-012,1,2,9,41.75,Yanxi
1595,d7259v-012,1,2,10,48.75,Yanxi
1596,d7259v-012,1,2,11,61.00,Yanxi
1597,d7259v-012,1,2,12,73.50,Yanxi
1598,d7259v-012,1,2,13,19.95,Yanxi
1599,d7259v-012,1,2,14,24.65,Yanxi
1600,d7259v-012,1,2,15,26.50,Yanxi
1601,d7259v-012,1,2,16,41.75,Yanxi
1602,d7259v-012,1,2,17,51.75,Yanxi
1603,d7259v-012,1,2,18,18.95,Yanxi
1604,d7259v-012,1,2,19,18.95,Yanxi
1605,d7259v-012,2,3,1,.75,Yanxi
1606,d7259v-012,2,3,2,1.09,Yanxi
1607,d7259v-012,2,3,3,1.09,Yanxi
1608,d7259v-012,2,3,4,1.35,Yanxi
1609,d7259v-012,2,3,5,1.09,Yanxi
1610,d7259v-012,2,3,6,1.19,Yanxi
1611,d7259v-012,2,3,7,1.95,Yanxi
1612,d7259v-012,2,3,8,2.05,Yanxi
1613,d7259v-012,2,3,9,2.09,Yanxi
1614,d7259v-012,2,3,10,2.09,Yanxi
1615,d7259v-012,2,3,11,1.09,Yanxi
1616,d7259v-012,2,3,12,1.09,Yanxi
1617,d7259v-012,2,4,1,16.50,Yanxi
1618,d7259v-012,2,4,2,24.50,Yanxi
1619,d7259v-012,2,4,3,24.50,Yanxi
1620,d7259v-012,2,4,4,29.95,Yanxi
1621,d7259v-012,2,4,5,24.65,Yanxi
1622,d7259v-012,2,4,6,26.50,Yanxi
1623,d7259v-012,2,4,7,43.50,Yanxi
1624,d7259v-012,2,4,8,47.75,Yanxi
1625,d7259v-012,2,4,9,48.75,Yanxi
1626,d7259v-012,2,4,10,48.75,Yanxi
1627,d7259v-012,2,4,11,24.65,Yanxi
1628,d7259v-012,2,4,12,24.65,Yanxi
1629,d7259v-012,3,5,1,4.29,Yanxi
1630,d7259v-012,3,5,2,4.99,Yanxi
1631,d7259v-012,3,5,3,5.99,Yanxi
1632,d7259v-012,3,5,4,8.49,Yanxi
1633,d7259v-012,3,5,5,9.54,Yanxi
1634,d7259v-012,3,6,1,48.75,Yanxi
1635,d7259v-012,3,6,2,56.50,Yanxi
1636,d7259v-012,3,6,3,68.50,Yanxi
1637,d7259v-012,3,6,4,91.69,Yanxi
1638,d7259v-012,3,6,5,103.03,Yanxi
1639,d7p30b-005,1,1,1,1.29,Yanxi
1640,d7p30b-005,1,1,2,1.99,Yanxi
1641,d7p30b-005,1,1,3,2.19,Yanxi
1642,d7p30b-005,1,1,4,2.49,Yanxi
1643,d7p30b-005,1,1,5,2.69,Yanxi
1644,d7p30b-005,1,1,6,3.70,Yanxi
1645,d7p30b-005,1,1,7,4.50,Yanxi
1646,d7p30b-005,1,2,1,14.50,Yanxi
1647,d7p30b-005,1,2,2,22.65,Yanxi
1648,d7p30b-005,1,2,3,24.75,Yanxi
1649,d7p30b-005,1,2,4,27.95,Yanxi
1650,d7p30b-005,1,2,5,29.75,Yanxi
1651,d7p30b-005,1,2,6,40.00,Yanxi
1652,d7p30b-005,1,2,7,48.60,Yanxi
1653,d7dk5k-026,1,1,1,4.79,Yanxi
1654,d7dk5k-026,1,1,2,4.79,Yanxi
1655,d7dk5k-026,1,1,3,4.79,Yanxi
1656,d7dk5k-026,1,1,4,4.79,Yanxi
1657,d7dk5k-026,1,2,1,54.00,Yanxi
1658,d7dk5k-026,1,2,2,54.00,Yanxi
1659,d7dk5k-026,1,2,3,54.00,Yanxi
1660,d7dk5k-026,1,2,4,54.00,Yanxi
1661,d7dk5k-026,2,3,1,2.79,Yanxi
1662,d7dk5k-026,2,3,2,3.49,Yanxi
1663,d7dk5k-026,2,3,3,4.49,Yanxi
1664,d7dk5k-026,2,4,1,31.75,Yanxi
1665,d7dk5k-026,2,4,2,39.75,Yanxi
1666,d7dk5k-026,2,4,3,49.75,Yanxi
1667,d7459g-022,1,1,1,1.89,Yanxi
1668,d7459g-022,1,1,2,1.99,Yanxi
1669,d7459g-022,1,1,3,2.49,Yanxi
1670,d7459g-022,1,1,4,2.49,Yanxi
1671,d7459g-022,1,1,5,2.79,Yanxi
1672,d7459g-022,1,1,6,2.99,Yanxi
1673,d7459g-022,1,1,7,3.49,Yanxi
1674,d7459g-022,1,1,8,3.49,Yanxi
1675,d7459g-022,1,1,9,3.69,Yanxi
1676,d7459g-022,1,1,10,3.99,Yanxi
1677,d7459g-022,1,1,11,5.99,Yanxi
1678,d7459g-022,1,2,1,20.95,Yanxi
1679,d7459g-022,1,2,2,22.65,Yanxi
1680,d7459g-022,1,2,3,27.95,Yanxi
1681,d7459g-022,1,2,4,27.95,Yanxi
1682,d7459g-022,1,2,5,31.75,Yanxi
1683,d7459g-022,1,2,6,34.75,Yanxi
1684,d7459g-022,1,2,7,39.75,Yanxi
1685,d7459g-022,1,2,8,39.75,Yanxi
1686,d7459g-022,1,2,9,42.75,Yanxi
1687,d7459g-022,1,2,10,46.75,Yanxi
1688,d7459g-022,1,2,11,68.50,Yanxi
1689,d7c01w-008,1,1,1,1.29,Yanxi
1690,d7c01w-008,1,1,2,1.49,Yanxi
1691,d7c01w-008,1,1,3,1.79,Yanxi
1692,d7c01w-008,1,1,4,1.79,Yanxi
1693,d7c01w-008,1,1,5,2.89,Yanxi
1694,d7c01w-008,1,1,6,1.29,Yanxi
1695,d7c01w-008,1,1,7,0.97,Yanxi
1696,d7c01w-008,1,1,8,1.50,Yanxi
1697,d7c01w-008,1,1,9,1.95,Yanxi
1698,d7c01w-008,1,2,1,14.50,Yanxi
1699,d7c01w-008,1,2,2,16.95,Yanxi
1700,d7c01w-008,1,2,3,19.95,Yanxi
1701,d7c01w-008,1,2,4,19.35,Yanxi
1702,d7c01w-008,1,2,5,31.13,Yanxi
1703,d7c01w-008,1,2,6,14.50,Yanxi
1704,d7c01w-008,1,2,7,11.50,Yanxi
1705,d7c01w-008,1,2,8,16.20,Yanxi
1706,d7c01w-008,1,2,9,21.06,Yanxi
1707,d7zc77-002,1,1,1,27.50,Hangshi
1708,d7zc77-002,1,1,2,24.00,Hangshi
1709,d7zc77-002,1,1,3,24.00,Hangshi
1710,d7zc77-002,1,1,4,20.00,Hangshi
1711,d7zc77-002,1,1,5,17.50,Hangshi
1712,d7zc77-002,1,1,6,16.75,Hangshi
1713,d7zc77-002,1,1,7,16.75,Hangshi
1714,d7zc77-002,1,1,8,15.00,Hangshi
1715,d7zc77-002,1,1,9,15.00,Hangshi
1716,d7zc77-002,1,1,10,15.00,Hangshi
1717,d7zc77-002,1,1,11,15.00,Hangshi
1718,d7zc77-002,1,1,12,15.00,Hangshi
1719,d7zc77-002,1,1,13,15.00,Hangshi
1720,d7zc77-002,1,1,14,13.75,Hangshi
1721,d7zc77-002,1,1,15,13.75,Hangshi
1722,d7zc77-002,1,1,16,13.75,Hangshi
1723,d7zc77-002,1,1,17,13.75,Hangshi
1724,d7zc77-002,2,2,1,4.99,Hangshi
1725,d7zc77-002,2,2,2,11.00,Hangshi
1726,d7zc77-002,2,3,1,56.50,Hangshi
1727,d7zc77-002,2,3,2,118.80,Hangshi
1728,d7js34-015,1,1,1,1.54,Hangshi
1729,d7js34-015,1,1,2,1.54,Hangshi
1730,d7js34-015,1,1,3,1.55,Hangshi
1731,d7js34-015,1,1,4,1.64,Hangshi
1732,d7js34-015,1,1,5,1.75,Hangshi
1733,d7js34-015,1,1,6,1.75,Hangshi
1734,d7js34-015,1,1,7,1.85,Hangshi
1735,d7js34-015,1,1,8,1.99,Hangshi
1736,d7js34-015,1,1,9,2.10,Hangshi
1737,d7js34-015,1,1,10,2.10,Hangshi
1738,d7js34-015,1,1,11,2.15,Hangshi
1739,d7js34-015,1,1,12,2.35,Hangshi
1740,d7js34-015,1,1,13,2.64,Hangshi
1741,d7js34-015,1,1,14,2.98,Hangshi
1742,d7js34-015,1,1,15,3.70,Hangshi
1743,d7js34-015,1,1,16,3.70,Hangshi
1744,d7js34-015,1,1,17,1.75,Hangshi
1745,d7js34-015,1,1,18,1.75,Hangshi
1746,d7js34-015,1,1,19,1.75,Hangshi
1747,d7js34-015,1,1,20,2.04,Hangshi
1748,d7js34-015,1,1,21,2.04,Hangshi
1749,d7js34-015,1,1,22,3.04,Hangshi
1750,d7js34-015,1,1,23,3.04,Hangshi
1751,d7js34-015,1,1,24,1.99,Hangshi
1752,d7js34-015,1,1,25,2.59,Hangshi
1753,d7js34-015,1,1,26,2.59,Hangshi
1754,d7js34-015,1,1,27,1.65,Hangshi
1755,d7js34-015,1,1,28,1.69,Hangshi
1756,d7js34-015,1,1,29,1.99,Hangshi
1757,d7js34-015,1,1,30,1.67,Hangshi
1758,d7js34-015,1,1,31,1.79,Hangshi
1759,d7js34-015,1,1,32,1.89,Hangshi
1760,d7js34-015,1,1,33,1.89,Hangshi
1761,d7js34-015,1,1,34,2.35,Hangshi
1762,d7js34-015,1,1,35,3.15,Hangshi
1763,d7js34-015,1,1,36,3.79,Hangshi
1764,d7js34-015,1,2,1,16.63,Hangshi
1765,d7js34-015,1,2,2,16.68,Hangshi
1766,d7js34-015,1,2,3,16.75,Hangshi
1767,d7js34-015,1,2,4,17.71,Hangshi
1768,d7js34-015,1,2,5,18.90,Hangshi
1769,d7js34-015,1,2,6,18.90,Hangshi
1770,d7js34-015,1,2,7,19.98,Hangshi
1771,d7js34-015,1,2,8,21.49,Hangshi
1772,d7js34-015,1,2,9,22.68,Hangshi
1773,d7js34-015,1,2,10,22.68,Hangshi
1774,d7js34-015,1,2,11,23.24,Hangshi
1775,d7js34-015,1,2,12,25.38,Hangshi
1776,d7js34-015,1,2,13,28.51,Hangshi
1777,d7js34-015,1,2,14,32.18,Hangshi
1778,d7js34-015,1,2,15,39.96,Hangshi
1779,d7js34-015,1,2,16,39.96,Hangshi
1780,d7js34-015,1,2,17,18.90,Hangshi
1781,d7js34-015,1,2,18,18.90,Hangshi
1782,d7js34-015,1,2,19,18.90,Hangshi
1783,d7js34-015,1,2,20,22.03,Hangshi
1784,d7js34-015,1,2,21,22.03,Hangshi
1785,d7js34-015,1,2,22,32.75,Hangshi
1786,d7js34-015,1,2,23,32.75,Hangshi
1787,d7js34-015,1,2,24,21.50,Hangshi
1788,d7js34-015,1,2,25,28.00,Hangshi
1789,d7js34-015,1,2,26,28.00,Hangshi
1790,d7js34-015,1,2,27,17.82,Hangshi
1791,d7js34-015,1,2,28,18.25,Hangshi
1792,d7js34-015,1,2,29,21.49,Hangshi
1793,d7js34-015,1,2,30,18.03,Hangshi
1794,d7js34-015,1,2,31,19.33,Hangshi
1795,d7js34-015,1,2,32,20.36,Hangshi
1796,d7js34-015,1,2,33,20.36,Hangshi
1797,d7js34-015,1,2,34,25.33,Hangshi
1798,d7js34-015,1,2,35,34.02,Hangshi
1799,d7js34-015,1,2,36,40.93,Hangshi
1800,d7js34-015,2,3,1,1.64,Hangshi
1801,d7js34-015,2,3,2,1.64,Hangshi
1802,d7js34-015,2,3,3,1.75,Hangshi
1803,d7js34-015,2,3,4,1.85,Hangshi
1804,d7js34-015,2,3,5,1.85,Hangshi
1805,d7js34-015,2,3,6,1.99,Hangshi
1806,d7js34-015,2,3,7,2.59,Hangshi
1807,d7js34-015,2,3,8,2.12,Hangshi
1808,d7js34-015,2,3,9,2.34,Hangshi
1809,d7js34-015,2,3,10,2.35,Hangshi
1810,d7js34-015,2,3,11,2.62,Hangshi
1811,d7js34-015,2,3,12,2.64,Hangshi
1812,d7js34-015,2,3,13,2.98,Hangshi
1813,d7js34-015,2,3,14,2.99,Hangshi
1814,d7js34-015,2,3,15,3.70,Hangshi
1815,d7js34-015,2,3,16,1.50,Hangshi
1816,d7js34-015,2,3,17,1.50,Hangshi
1817,d7js34-015,2,3,18,2.04,Hangshi
1818,d7js34-015,2,3,19,2.04,Hangshi
1819,d7js34-015,2,3,20,2.04,Hangshi
1820,d7js34-015,2,3,21,2.25,Hangshi
1821,d7js34-015,2,3,22,3.04,Hangshi
1822,d7js34-015,2,3,23,3.04,Hangshi
1823,d7js34-015,2,3,24,1.60,Hangshi
1824,d7js34-015,2,3,25,1.75,Hangshi
1825,d7js34-015,2,3,26,1.75,Hangshi
1826,d7js34-015,2,3,27,1.75,Hangshi
1827,d7js34-015,2,3,28,1.90,Hangshi
1828,d7js34-015,2,3,29,1.90,Hangshi
1829,d7js34-015,2,3,30,1.95,Hangshi
1830,d7js34-015,2,3,31,1.95,Hangshi
1831,d7js34-015,2,3,32,2.25,Hangshi
1832,d7js34-015,2,3,33,2.25,Hangshi
1833,d7js34-015,2,3,34,1.65,Hangshi
1834,d7js34-015,2,3,35,1.69,Hangshi
1835,d7js34-015,2,3,36,1.69,Hangshi
1836,d7js34-015,2,3,37,1.99,Hangshi
1837,d7js34-015,2,3,38,1.49,Hangshi
1838,d7js34-015,2,3,39,1.50,Hangshi
1839,d7js34-015,2,3,40,1.64,Hangshi
1840,d7js34-015,2,3,41,1.69,Hangshi
1841,d7js34-015,2,3,42,1.74,Hangshi
1842,d7js34-015,2,3,43,1.75,Hangshi
1843,d7js34-015,2,3,44,1.75,Hangshi
1844,d7js34-015,2,4,1,17.71,Hangshi
1845,d7js34-015,2,4,2,17.71,Hangshi
1846,d7js34-015,2,4,3,18.90,Hangshi
1847,d7js34-015,2,4,4,19.98,Hangshi
1848,d7js34-015,2,4,5,19.98,Hangshi
1849,d7js34-015,2,4,6,21.49,Hangshi
1850,d7js34-015,2,4,7,28.00,Hangshi
1851,d7js34-015,2,4,8,23.90,Hangshi
1852,d7js34-015,2,4,9,25.27,Hangshi
1853,d7js34-015,2,4,10,25.38,Hangshi
1854,d7js34-015,2,4,11,28.30,Hangshi
1855,d7js34-015,2,4,12,28.51,Hangshi
1856,d7js34-015,2,4,13,32.18,Hangshi
1857,d7js34-015,2,4,14,32.30,Hangshi
1858,d7js34-015,2,4,15,39.96,Hangshi
1859,d7js34-015,2,4,16,16.20,Hangshi
1860,d7js34-015,2,4,17,16.20,Hangshi
1861,d7js34-015,2,4,18,22.03,Hangshi
1862,d7js34-015,2,4,19,22.03,Hangshi
1863,d7js34-015,2,4,20,22.03,Hangshi
1864,d7js34-015,2,4,21,24.30,Hangshi
1865,d7js34-015,2,4,22,32.75,Hangshi
1866,d7js34-015,2,4,23,32.75,Hangshi
1867,d7js34-015,2,4,24,17.28,Hangshi
1868,d7js34-015,2,4,25,18.90,Hangshi
1869,d7js34-015,2,4,26,18.90,Hangshi
1870,d7js34-015,2,4,27,18.90,Hangshi
1871,d7js34-015,2,4,28,20.52,Hangshi
1872,d7js34-015,2,4,29,20.52,Hangshi
1873,d7js34-015,2,4,30,21.06,Hangshi
1874,d7js34-015,2,4,31,21.06,Hangshi
1875,d7js34-015,2,4,32,24.30,Hangshi
1876,d7js34-015,2,4,33,24.30,Hangshi
1877,d7js34-015,2,4,34,17.82,Hangshi
1878,d7js34-015,2,4,35,18.25,Hangshi
1879,d7js34-015,2,4,36,18.25,Hangshi
1880,d7js34-015,2,4,37,21.49,Hangshi
1881,d7js34-015,2,4,38,16.01,Hangshi
1882,d7js34-015,2,4,39,16.20,Hangshi
1883,d7js34-015,2,4,40,17.71,Hangshi
1884,d7js34-015,2,4,41,18.25,Hangshi
1885,d7js34-015,2,4,42,18.80,Hangshi
1886,d7js34-015,2,4,43,18.90,Hangshi
1887,d7js34-015,2,4,44,18.90,Hangshi
1888,d71s3g-002,1,1,1,1.69,Hangshi
1889,d71s3g-002,1,1,2,1.69,Hangshi
1890,d71s3g-002,1,1,3,1.89,Hangshi
1891,d71s3g-002,1,1,4,1.89,Hangshi
1892,d71s3g-002,1,1,5,1.99,Hangshi
1893,d71s3g-002,1,1,6,2.19,Hangshi
1894,d71s3g-002,1,1,7,2.19,Hangshi
1895,d71s3g-002,1,1,8,1.59,Hangshi
1896,d71s3g-002,1,1,9,2.59,Hangshi
1897,d71s3g-002,1,1,10,2.99,Hangshi
1898,d71s3g-002,1,1,11,3.99,Hangshi
1899,d71s3g-002,1,1,12,4.49,Hangshi
1900,d71s3g-002,1,1,13,4.59,Hangshi
1901,d71s3g-002,1,1,14,8.40,Hangshi
1902,d71s3g-002,1,1,15,12.50,Hangshi
1903,d71s3g-002,1,1,16,1.99,Hangshi
1904,d71s3g-002,1,1,17,1.99,Hangshi
1905,d71s3g-002,1,1,18,1.99,Hangshi
1906,d71s3g-002,1,1,19,3.49,Hangshi
1907,d71s3g-002,1,1,20,4.49,Hangshi
1908,d71s3g-002,1,1,21,4.99,Hangshi
1909,d71s3g-002,1,1,22,7.49,Hangshi
1910,d71s3g-002,1,2,1,18.25,Hangshi
1911,d71s3g-002,1,2,2,18.25,Hangshi
1912,d71s3g-002,1,2,3,20.40,Hangshi
1913,d71s3g-002,1,2,4,20.40,Hangshi
1914,d71s3g-002,1,2,5,21.95,Hangshi
1915,d71s3g-002,1,2,6,24.50,Hangshi
1916,d71s3g-002,1,2,7,24.50,Hangshi
1917,d71s3g-002,1,2,8,17.15,Hangshi
1918,d71s3g-002,1,2,9,28.00,Hangshi
1919,d71s3g-002,1,2,10,32.30,Hangshi
1920,d71s3g-002,1,2,11,43.10,Hangshi
1921,d71s3g-002,1,2,12,48.50,Hangshi
1922,d71s3g-002,1,2,13,49.55,Hangshi
1923,d71s3g-002,1,2,14,91.80,Hangshi
1924,d71s3g-002,1,2,15,137.50,Hangshi
1925,d71s3g-002,1,2,16,22.95,Hangshi
1926,d71s3g-002,1,2,17,22.95,Hangshi
1927,d71s3g-002,1,2,18,22.95,Hangshi
1928,d71s3g-002,1,2,19,37.70,Hangshi
1929,d71s3g-002,1,2,20,48.50,Hangshi
1930,d71s3g-002,1,2,21,53.90,Hangshi
1931,d71s3g-002,1,2,22,80.90,Hangshi
1932,d7x30h-004,1,1,1,1.39,Hangshi
1933,d7x30h-004,1,1,2,2.49,Hangshi
1934,d7x30h-004,1,1,3,3.79,Hangshi
1935,d7x30h-004,1,1,4,3.79,Hangshi
1936,d7x30h-004,1,1,5,1.69,Hangshi
1937,d7x30h-004,1,1,6,1.69,Hangshi
1938,d7x30h-004,1,1,7,1.69,Hangshi
1939,d7x30h-004,1,1,8,1.69,Hangshi
1940,d7x30h-004,1,1,9,1.99,Hangshi
1941,d7x30h-004,1,1,10,1.99,Hangshi
1942,d7x30h-004,1,1,11,2.19,Hangshi
1943,d7x30h-004,1,1,12,1.29,Hangshi
1944,d7x30h-004,1,1,13,1.69,Hangshi
1945,d7x30h-004,1,1,14,1.99,Hangshi
1946,d7x30h-004,1,2,1,15.00,Hangshi
1947,d7x30h-004,1,2,2,26.90,Hangshi
1948,d7x30h-004,1,2,3,40.95,Hangshi
1949,d7x30h-004,1,2,4,40.95,Hangshi
1950,d7x30h-004,1,2,5,18.25,Hangshi
1951,d7x30h-004,1,2,6,18.25,Hangshi
1952,d7x30h-004,1,2,7,18.25,Hangshi
1953,d7x30h-004,1,2,8,18.25,Hangshi
1954,d7x30h-004,1,2,9,21.50,Hangshi
1955,d7x30h-004,1,2,10,21.50,Hangshi
1956,d7x30h-004,1,2,11,23.65,Hangshi
1957,d7x30h-004,1,2,12,13.95,Hangshi
1958,d7x30h-004,1,2,13,18.25,Hangshi
1959,d7x30h-004,1,2,14,21.50,Hangshi
1960,d7nk5r-020,1,1,1,1.79,Hangshi
1961,d7nk5r-020,1,1,2,2.75,Hangshi
1962,d7nk5r-020,1,1,3,2.99,Hangshi
1963,d7nk5r-020,1,1,4,3.25,Hangshi
1964,d7nk5r-020,1,1,5,3.49,Hangshi
1965,d7nk5r-020,1,1,6,3.49,Hangshi
1966,d7nk5r-020,1,1,7,3.49,Hangshi
1967,d7nk5r-020,1,1,8,3.49,Hangshi
1968,d7nk5r-020,1,1,9,3.99,Hangshi
1969,d7nk5r-020,1,1,10,3.99,Hangshi
1970,d7nk5r-020,1,1,11,4.25,Hangshi
1971,d7nk5r-020,1,1,12,4.75,Hangshi
1972,d7nk5r-020,1,1,13,5.75,Hangshi
1973,d7nk5r-020,1,1,14,6.99,Hangshi
1974,d7nk5r-020,1,1,15,4.99,Hangshi
1975,d7nk5r-020,1,1,16,4.99,Hangshi
1976,d7nk5r-020,1,1,17,5.99,Hangshi
1977,d7nk5r-020,1,1,18,5.99,Hangshi
1978,d7nk5r-020,1,1,19,6.99,Hangshi
1979,d7nk5r-020,1,1,20,9.95,Hangshi
1980,d7nk5r-020,1,2,1,19.35,Hangshi
1981,d7nk5r-020,1,2,2,29.70,Hangshi
1982,d7nk5r-020,1,2,3,32.30,Hangshi
1983,d7nk5r-020,1,2,4,35.10,Hangshi
1984,d7nk5r-020,1,2,5,37.70,Hangshi
1985,d7nk5r-020,1,2,6,37.70,Hangshi
1986,d7nk5r-020,1,2,7,37.70,Hangshi
1987,d7nk5r-020,1,2,8,37.70,Hangshi
1988,d7nk5r-020,1,2,9,43.10,Hangshi
1989,d7nk5r-020,1,2,10,43.10,Hangshi
1990,d7nk5r-020,1,2,11,45.90,Hangshi
1991,d7nk5r-020,1,2,12,51.30,Hangshi
1992,d7nk5r-020,1,2,13,62.10,Hangshi
1993,d7nk5r-020,1,2,14,75.50,Hangshi
1994,d7nk5r-020,1,2,15,53.90,Hangshi
1995,d7nk5r-020,1,2,16,53.90,Hangshi
1996,d7nk5r-020,1,2,17,64.70,Hangshi
1997,d7nk5r-020,1,2,18,64.70,Hangshi
1998,d7nk5r-020,1,2,19,75.50,Hangshi
1999,d7nk5r-020,1,2,20,107.45,Hangshi
2000,d7nk5r-020,2,3,1,1.49,Hangshi
2001,d7nk5r-020,2,3,2,1.69,Hangshi
2002,d7nk5r-020,2,3,3,1.69,Hangshi
2003,d7nk5r-020,2,3,4,2.19,Hangshi
2004,d7nk5r-020,2,3,5,2.25,Hangshi
2005,d7nk5r-020,2,3,6,2.79,Hangshi
2006,d7nk5r-020,2,3,7,2.79,Hangshi
2007,d7nk5r-020,2,3,8,2.99,Hangshi
2008,d7nk5r-020,2,3,9,2.99,Hangshi
2009,d7nk5r-020,2,3,10,2.99,Hangshi
2010,d7nk5r-020,2,3,11,3.19,Hangshi
2011,d7nk5r-020,2,3,12,3.39,Hangshi
2012,d7nk5r-020,2,3,13,3.75,Hangshi
2013,d7nk5r-020,2,3,14,3.75,Hangshi
2014,d7nk5r-020,2,3,15,3.99,Hangshi
2015,d7nk5r-020,2,3,16,3.99,Hangshi
2016,d7nk5r-020,2,3,17,3.99,Hangshi
2017,d7nk5r-020,2,3,18,4.29,Hangshi
2018,d7nk5r-020,2,3,19,4.29,Hangshi
2019,d7nk5r-020,2,3,20,6.99,Hangshi
2020,d7nk5r-020,2,4,1,16.10,Hangshi
2021,d7nk5r-020,2,4,2,18.25,Hangshi
2022,d7nk5r-020,2,4,3,18.25,Hangshi
2023,d7nk5r-020,2,4,4,23.65,Hangshi
2024,d7nk5r-020,2,4,5,24.30,Hangshi
2025,d7nk5r-020,2,4,6,30.15,Hangshi
2026,d7nk5r-020,2,4,7,30.15,Hangshi
2027,d7nk5r-020,2,4,8,32.30,Hangshi
2028,d7nk5r-020,2,4,9,32.30,Hangshi
2029,d7nk5r-020,2,4,10,32.30,Hangshi
2030,d7nk5r-020,2,4,11,34.45,Hangshi
2031,d7nk5r-020,2,4,12,36.30,Hangshi
2032,d7nk5r-020,2,4,13,40.50,Hangshi
2033,d7nk5r-020,2,4,14,40.50,Hangshi
2034,d7nk5r-020,2,4,15,43.10,Hangshi
2035,d7nk5r-020,2,4,16,43.10,Hangshi
2036,d7nk5r-020,2,4,17,43.10,Hangshi
2037,d7nk5r-020,2,4,18,46.35,Hangshi
2038,d7nk5r-020,2,4,19,46.35,Hangshi
2039,d7nk5r-020,2,4,20,75.50,Hangshi
2040,d74k53-011,1,1,1,1.39,Hangshi
2041,d74k53-011,1,1,2,1.79,Hangshi
2042,d74k53-011,1,1,3,2.19,Hangshi
2043,d74k53-011,1,1,4,2.19,Hangshi
2044,d74k53-011,1,1,5,1.59,Hangshi
2045,d74k53-011,1,1,6,1.99,Hangshi
2046,d74k53-011,1,1,7,2.19,Hangshi
2047,d74k53-011,1,1,8,2.79,Hangshi
2048,d74k53-011,1,1,9,2.99,Hangshi
2049,d74k53-011,1,1,10,3.99,Hangshi
2050,d74k53-011,1,1,11,4.39,Hangshi
2051,d74k53-011,1,1,12,5.99,Hangshi
2052,d74k53-011,1,1,13,6.99,Hangshi
2053,d74k53-011,1,1,14,7.49,Hangshi
2054,d74k53-011,1,1,15,1.69,Hangshi
2055,d74k53-011,1,1,16,1.79,Hangshi
2056,d74k53-011,1,1,17,1.89,Hangshi
2057,d74k53-011,1,1,18,1.99,Hangshi
2058,d74k53-011,1,1,19,2.19,Hangshi
2059,d74k53-011,1,1,20,2.29,Hangshi
2060,d74k53-011,1,1,21,2.49,Hangshi
2061,d74k53-011,1,1,22,2.49,Hangshi
2062,d74k53-011,1,1,23,2.49,Hangshi
2063,d74k53-011,1,1,24,2.59,Hangshi
2064,d74k53-011,1,1,25,3.49,Hangshi
2065,d74k53-011,1,1,26,3.99,Hangshi
2066,d74k53-011,1,1,27,3.99,Hangshi
2067,d74k53-011,1,2,1,15.00,Hangshi
2068,d74k53-011,1,2,2,19.35,Hangshi
2069,d74k53-011,1,2,3,23.65,Hangshi
2070,d74k53-011,1,2,4,23.65,Hangshi
2071,d74k53-011,1,2,5,17.95,Hangshi
2072,d74k53-011,1,2,6,21.50,Hangshi
2073,d74k53-011,1,2,7,23.65,Hangshi
2074,d74k53-011,1,2,8,30.15,Hangshi
2075,d74k53-011,1,2,9,32.30,Hangshi
2076,d74k53-011,1,2,10,43.10,Hangshi
2077,d74k53-011,1,2,11,47.95,Hangshi
2078,d74k53-011,1,2,12,64.70,Hangshi
2079,d74k53-011,1,2,13,76.00,Hangshi
2080,d74k53-011,1,2,14,80.90,Hangshi
2081,d74k53-011,1,2,15,18.25,Hangshi
2082,d74k53-011,1,2,16,19.35,Hangshi
2083,d74k53-011,1,2,17,20.40,Hangshi
2084,d74k53-011,1,2,18,21.50,Hangshi
2085,d74k53-011,1,2,19,23.65,Hangshi
2086,d74k53-011,1,2,20,24.75,Hangshi
2087,d74k53-011,1,2,21,26.90,Hangshi
2088,d74k53-011,1,2,22,26.90,Hangshi
2089,d74k53-011,1,2,23,26.90,Hangshi
2090,d74k53-011,1,2,24,27.95,Hangshi
2091,d74k53-011,1,2,25,37.70,Hangshi
2092,d74k53-011,1,2,26,43.10,Hangshi
2093,d74k53-011,1,2,27,21.50,Hangshi
2094,d74k53-016,1,1,1,3.99,Yanxi
2095,d74k53-016,1,1,2,3.99,Yanxi
2096,d74k53-016,1,1,3,4.49,Yanxi
2097,d74k53-016,1,2,1,43.10,Yanxi
2098,d74k53-016,1,2,2,43.10,Yanxi
2099,d74k53-016,1,2,3,48.50,Yanxi
2100,d74k53-016,2,3,1,4.49,Yanxi
2101,d74k53-016,2,3,2,4.99,Yanxi
2102,d74k53-016,2,3,3,6.99,Yanxi
2103,d74k53-016,2,4,1,48.50,Yanxi
2104,d74k53-016,2,4,2,53.90,Yanxi
2105,d74k53-016,2,4,3,75.50,Yanxi
2106,d74k53-016,3,5,1,3.49,Yanxi
2107,d74k53-016,3,5,2,3.99,Yanxi
2108,d74k53-016,3,6,1,37.70,Yanxi
2109,d74k53-016,3,6,2,43.95,Yanxi
2110,d74k53-016,4,7,1,1.49,Yanxi
2111,d74k53-016,4,7,2,1.69,Yanxi
2112,d74k53-016,4,7,3,1.89,Yanxi
2113,d74k53-016,4,7,4,1.89,Yanxi
2114,d74k53-016,4,7,5,2.75,Yanxi
2115,d74k53-016,4,7,6,2.99,Yanxi
2116,d74k53-016,4,7,7,3.25,Yanxi
2117,d74k53-016,4,7,8,3.49,Yanxi
2118,d74k53-016,4,7,9,3.49,Yanxi
2119,d74k53-016,4,7,10,3.49,Yanxi
2120,d74k53-016,4,7,11,3.49,Yanxi
2121,d74k53-016,4,7,12,3.99,Yanxi
2122,d74k53-016,4,7,13,4.25,Yanxi
2123,d74k53-016,4,7,14,4.75,Yanxi
2124,d74k53-016,4,7,15,5.49,Yanxi
2125,d74k53-016,4,7,16,5.75,Yanxi
2126,d74k53-016,4,7,17,6.49,Yanxi
2127,d74k53-016,4,7,18,8.99,Yanxi
2128,d74k53-016,4,8,1,16.10,Yanxi
2129,d74k53-016,4,8,2,18.25,Yanxi
2130,d74k53-016,4,8,3,20.40,Yanxi
2131,d74k53-016,4,8,4,20.40,Yanxi
2132,d74k53-016,4,8,5,29.70,Yanxi
2133,d74k53-016,4,8,6,32.30,Yanxi
2134,d74k53-016,4,8,7,35.10,Yanxi
2135,d74k53-016,4,8,8,37.70,Yanxi
2136,d74k53-016,4,8,9,37.70,Yanxi
2137,d74k53-016,4,8,10,37.70,Yanxi
2138,d74k53-016,4,8,11,37.70,Yanxi
2139,d74k53-016,4,8,12,43.10,Yanxi
2140,d74k53-016,4,8,13,45.90,Yanxi
2141,d74k53-016,4,8,14,51.30,Yanxi
2142,d74k53-016,4,8,15,29.30,Yanxi
2143,d74k53-016,4,8,16,62.10,Yanxi
2144,d74k53-016,4,8,17,70.10,Yanxi
2145,d74k53-016,4,8,18,97.20,Yanxi
2146,d70w2t-014,1,1,1,2.19,Yanxi
2147,d70w2t-014,1,1,2,2.49,Yanxi
2148,d70w2t-014,1,2,1,23.65,Yanxi
2149,d70w2t-014,1,2,2,26.90,Yanxi
2150,d70w2t-014,2,3,1,2.79,Yanxi
2151,d70w2t-014,2,3,2,2.99,Yanxi
2152,d70w2t-014,2,3,3,3.49,Yanxi
2153,d70w2t-014,2,3,4,3.99,Yanxi
2154,d70w2t-014,2,3,5,3.49,Yanxi
2155,d70w2t-014,2,3,6,4.99,Yanxi
2156,d70w2t-014,2,4,1,30.15,Yanxi
2157,d70w2t-014,2,4,2,32.30,Yanxi
2158,d70w2t-014,2,4,3,37.70,Yanxi
2159,d70w2t-014,2,4,4,43.10,Yanxi
2160,d70w2t-014,2,4,5,-,Yanxi
2161,d70w2t-014,2,4,6,53.90,Yanxi
2162,d70w2t-014,3,5,1,1.79,Yanxi
2163,d70w2t-014,3,5,2,1.79,Yanxi
2164,d70w2t-014,3,5,3,3.59,Yanxi
2165,d70w2t-014,3,6,1,19.35,Yanxi
2166,d70w2t-014,3,6,2,19.35,Yanxi
2167,d70w2t-014,3,6,3,38.77,Yanxi
2168,d70w2t-014,4,7,1,1.79,Yanxi
2169,d70w2t-014,4,7,2,1.89,Yanxi
2170,d70w2t-014,4,7,3,3.15,Yanxi
2171,d70w2t-014,4,8,1,19.35,Yanxi
2172,d70w2t-014,4,8,2,20.41,Yanxi
2173,d70w2t-014,4,8,3,34.02,Yanxi
2174,d7mk5f-007,1,1,1,29.50,Yanxi
2175,d7mk5f-007,1,1,2,9.95,Yanxi
2176,d7mk5f-007,1,1,3,12.50,Yanxi
2177,d7mk5f-007,1,1,4,29.50,Yanxi
2178,d7mk5f-007,1,2,1,-,Yanxi
2179,d7mk5f-007,1,2,2,110.00,Yanxi
2180,d7mk5f-007,1,2,3,142.00,Yanxi
2181,d7mk5f-007,1,2,4,345.00,Yanxi
2182,d7mk5f-007,2,3,1,24.75,Yanxi
2183,d7mk5f-007,2,3,2,24.75,Yanxi
2184,d7mk5f-007,2,3,3,30.75,Yanxi
2185,d7mk5f-007,2,3,4,31.75,Yanxi
2186,d7mk5f-007,2,3,5,34.75,Yanxi
2187,d7mk5f-007,2,3,6,34.75,Yanxi
2188,d7mk5f-007,2,3,7,46.75,Yanxi
2189,d7mk5f-007,2,3,8,48.75,Yanxi
2190,d7mk5f-007,2,4,1,30.75,Yanxi
2191,d7mk5f-007,2,4,2,30.75,Yanxi
2192,d7mk5f-007,2,4,3,37.75,Yanxi
2193,d7mk5f-007,2,4,4,39.75,Yanxi
2194,d7mk5f-007,2,4,5,42.75,Yanxi
2195,d7mk5f-007,2,4,6,42.75,Yanxi
2196,d7mk5f-007,2,4,7,55.75,Yanxi
2197,d7mk5f-007,2,4,8,57.75,Yanxi
2198,d7mk5f-007,2,5,1,6.00,Yanxi
2199,d7mk5f-007,2,5,2,6.00,Yanxi
2200,d7mk5f-007,2,5,3,7.00,Yanxi
2201,d7mk5f-007,2,5,4,8.00,Yanxi
2202,d7mk5f-007,2,5,5,8.00,Yanxi
2203,d7mk5f-007,2,5,6,8.00,Yanxi
2204,d7mk5f-007,2,5,7,9.00,Yanxi
2205,d7mk5f-007,2,5,8,9.00,Yanxi
2206,d7tg71-011,1,1,1,1.49,Yanxi
2207,d7tg71-011,1,1,2,1.49,Yanxi
2208,d7tg71-011,1,1,3,1.69,Yanxi
2209,d7tg71-011,1,1,4,1.69,Yanxi
2210,d7tg71-011,1,1,5,1.99,Yanxi
2211,d7tg71-011,1,1,6,2.79,Yanxi
2212,d7tg71-011,1,1,7,4.99,Yanxi
2213,d7tg71-011,1,1,8,5.99,Yanxi
2214,d7tg71-011,1,1,9,8.99,Yanxi
2215,d7tg71-011,1,1,10,10.95,Yanxi
2216,d7tg71-011,1,2,1,16.50,Yanxi
2217,d7tg71-011,1,2,2,16.50,Yanxi
2218,d7tg71-011,1,2,3,18.75,Yanxi
2219,d7tg71-011,1,2,4,18.75,Yanxi
2220,d7tg71-011,1,2,5,20.95,Yanxi
2221,d7tg71-011,1,2,6,31.50,Yanxi
2222,d7tg71-011,1,2,7,56.50,Yanxi
2223,d7tg71-011,1,2,8,68.50,Yanxi
2224,d7tg71-011,1,2,9,105.00,Yanxi
2225,d7tg71-011,1,2,10,-,Yanxi
2226,d77c7q-019,1,1,1,1.99,Yanxi
2227,d77c7q-019,1,1,2,2.49,Yanxi
2228,d77c7q-019,1,1,3,3.49,Yanxi
2229,d77c7q-019,1,1,4,3.49,Yanxi
2230,d77c7q-019,1,1,5,4.99,Yanxi
2231,d77c7q-019,1,1,6,6.49,Yanxi
2232,d77c7q-019,1,1,7,6.99,Yanxi
2233,d77c7q-019,1,1,8,7.39,Yanxi
2234,d77c7q-019,1,1,9,7.39,Yanxi
2235,d77c7q-019,1,1,10,7.49,Yanxi
2236,d77c7q-019,1,1,11,9.25,Yanxi
2237,d77c7q-019,1,1,12,14.50,Yanxi
2238,d77c7q-019,1,2,1,21.50,Yanxi
2239,d77c7q-019,1,2,2,26.90,Yanxi
2240,d77c7q-019,1,2,3,37.70,Yanxi
2241,d77c7q-019,1,2,4,37.70,Yanxi
2242,d77c7q-019,1,2,5,53.90,Yanxi
2243,d77c7q-019,1,2,6,70.10,Yanxi
2244,d77c7q-019,1,2,7,75.50,Yanxi
2245,d77c7q-019,1,2,8,79.80,Yanxi
2246,d77c7q-019,1,2,9,79.80,Yanxi
2247,d77c7q-019,1,2,10,80.90,Yanxi
2248,d77c7q-019,1,2,11,99.90,Yanxi
2249,d77c7q-019,1,2,12,156.60,Yanxi
2250,d77c7q-019,2,3,13,6.49,Yanxi
2251,d77c7q-019,2,3,14,6.79,Yanxi
2252,d77c7q-019,2,3,15,6.99,Yanxi
2253,d77c7q-019,2,3,16,12.50,Yanxi
2254,d77c7q-019,2,3,17,14.50,Yanxi
2255,d77c7q-019,2,4,13,70.10,Yanxi
2256,d77c7q-019,2,4,14,73.35,Yanxi
2257,d77c7q-019,2,4,15,75.50,Yanxi
2258,d77c7q-019,2,4,16,135.00,Yanxi
2259,d77c7q-019,2,4,17,156.60,Yanxi
2260,d74s4s-040,1,1,1,3.49,Yanxi
2261,d74s4s-040,1,1,2,3.49,Yanxi
2262,d74s4s-040,1,1,3,4.95,Yanxi
2263,d74s4s-040,1,1,4,7.75,Yanxi
2264,d74s4s-040,1,2,1,37.70,Yanxi
2265,d74s4s-040,1,2,2,37.70,Yanxi
2266,d74s4s-040,1,2,3,53.45,Yanxi
2267,d74s4s-040,1,2,4,83.70,Yanxi
2268,d74s4s-040,2,3,5,1.69,Yanxi
2269,d74s4s-040,2,3,6,1.89,Yanxi
2270,d74s4s-040,2,3,7,2.39,Yanxi
2271,d74s4s-040,2,3,8,2.49,Yanxi
2272,d74s4s-040,2,3,9,2.49,Yanxi
2273,d74s4s-040,2,4,5,18.25,Yanxi
2274,d74s4s-040,2,4,6,20.40,Yanxi
2275,d74s4s-040,2,4,7,25.80,Yanxi
2276,d74s4s-040,2,4,8,26.90,Yanxi
2277,d74s4s-040,2,4,9,26.90,Yanxi
2278,d74s4s-040,3,5,10,1.29,Yanxi
2279,d74s4s-040,3,5,11,1.29,Yanxi
2280,d74s4s-040,3,5,12,1.49,Yanxi
2281,d74s4s-040,3,5,13,1.49,Yanxi
2282,d74s4s-040,3,5,14,1.49,Yanxi
2283,d74s4s-040,3,5,15,1.49,Yanxi
2284,d74s4s-040,3,5,16,1.59,Yanxi
2285,d74s4s-040,3,5,17,1.69,Yanxi
2286,d74s4s-040,3,5,18,1.79,Yanxi
2287,d74s4s-040,3,5,19,1.79,Yanxi
2288,d74s4s-040,3,5,20,2.19,Yanxi
2289,d74s4s-040,3,5,21,2.29,Yanxi
2290,d74s4s-040,3,5,22,2.49,Yanxi
2291,d74s4s-040,3,5,23,2.79,Yanxi
2292,d74s4s-040,3,5,24,3.49,Yanxi
2293,d74s4s-040,3,5,25,4.99,Yanxi
2294,d74s4s-040,3,6,10,13.95,Yanxi
2295,d74s4s-040,3,6,11,13.95,Yanxi
2296,d74s4s-040,3,6,12,16.10,Yanxi
2297,d74s4s-040,3,6,13,16.10,Yanxi
2298,d74s4s-040,3,6,14,16.10,Yanxi
2299,d74s4s-040,3,6,15,16.10,Yanxi
2300,d74s4s-040,3,6,16,17.15,Yanxi
2301,d74s4s-040,3,6,17,18.25,Yanxi
2302,d74s4s-040,3,6,18,19.35,Yanxi
2303,d74s4s-040,3,6,19,19.35,Yanxi
2304,d74s4s-040,3,6,20,23.65,Yanxi
2305,d74s4s-040,3,6,21,24.75,Yanxi
2306,d74s4s-040,3,6,22,26.90,Yanxi
2307,d74s4s-040,3,6,23,30.15,Yanxi
2308,d74s4s-040,3,6,24,37.70,Yanxi
2309,d74s4s-040,3,6,25,53.90,Yanxi
2310,d7kk54-017,1,1,1,3.99,Yanxi
2311,d7kk54-017,1,1,2,5.65,Yanxi
2312,d7kk54-017,1,1,3,6.00,Yanxi
2313,d7kk54-017,1,1,4,8.99,Yanxi
2314,d7kk54-017,1,1,5,6.99,Yanxi
2315,d7kk54-017,1,1,6,11.95,Yanxi
2316,d7kk54-017,1,2,1,46.75,Yanxi
2317,d7kk54-017,1,2,2,65.65,Yanxi
2318,d7kk54-017,1,2,3,70.15,Yanxi
2319,d7kk54-017,1,2,4,97.10,Yanxi
2320,d7kk54-017,1,2,5,39.95,Yanxi
2321,d7kk54-017,1,2,6,67.75,Yanxi
2322,d7kk54-024,1,1,1,45.00,Yanxi
2323,d7kk54-024,1,1,2,17.49,Yanxi
2324,d7kk54-024,1,1,3,51.95,Yanxi
2325,d7kk54-024,1,1,4,75.00,Yanxi
2326,d7kk54-024,1,1,5,90.00,Yanxi
2327,d7kk54-024,1,1,6,95.00,Yanxi
2328,d7kk54-024,1,1,7,95.00,Yanxi
2329,d7kk54-024,1,1,8,100.00,Yanxi
2330,d7kk54-024,1,1,9,79.50,Yanxi
2331,d7kk54-024,1,1,10,110.00,Yanxi
2332,d7kk54-024,1,1,11,40.00,Yanxi
2333,d7kk54-024,1,1,12,263.00,Yanxi
2334,d7kk54-024,1,1,13,375.00,Yanxi
2335,d7kk54-024,1,2,1,513.00,Yanxi
2336,d7kk54-024,1,2,2,199.50,Yanxi
2337,d7kk54-024,1,2,3,595.00,Yanxi
2338,d7kk54-024,1,2,4,855.00,Yanxi
2339,d7kk54-024,1,2,5,"1,026.00",Yanxi
2340,d7kk54-024,1,2,6,"1,083.00",Yanxi
2341,d7kk54-024,1,2,7,-,Yanxi
2342,d7kk54-024,1,2,8,"1,140.00",Yanxi
2343,d7kk54-024,1,2,9,-,Yanxi
2344,d7kk54-024,1,2,10,"1,250.00",Yanxi
2345,d7kk54-024,1,2,11,452.00,Yanxi
2346,d7kk54-024,1,2,12,-,Yanxi
2347,d7kk54-043,1,1,1,11.99,Yanxi
2348,d7kk54-043,1,1,2,12.49,Yanxi
2349,d7kk54-043,1,1,3,11.99,Yanxi
2350,d7kk54-043,1,1,4,16.99,Yanxi
2351,d7kk54-043,1,1,5,60.75,Yanxi
2352,d7kk54-043,1,2,1,137.50,Yanxi
2353,d7kk54-043,1,2,2,144.00,Yanxi
2354,d7kk54-043,1,2,3,137.50,Yanxi
2355,d7kk54-043,1,2,4,183.49,Yanxi
2356,d7kk54-043,1,2,5,699.00,Yanxi
